key,R,adam,best,alpha_best,rho_best,kappa_best,alpha_det,aGN,L0
"('box2', 0, 0)",0.2786887998323607,1.607286758897039,0.824835983276327,30,0.5,5.0,30,-41.166963969495406,2.1017781747586404
"('box2', 0, 50)",0.25995268617945694,0.42942649540121164,0.30015297460621204,30,0.5,5.0,30,-49.49664095993898,0.36043903994492404
"('box2', 0, 60)",0.2699665212712278,0.5636722585683998,0.29599469624138963,30,0.5,5.0,30,-33.11462602390805,0.31006751747548245
"('box2', 0, 100)",0.16305898757488668,0.28350396425561714,0.12706087541204206,30,0.5,5.0,30,-28.837183095099444,0.15364149833286195
"('box2', 0, 150)",0.23880304262266355,0.06699413305840182,0.0422183323968667,15,0.5,5.0,5,23.518945737647435,0.052466286102675855
"('box2', 0, 200)",0.21008693986912982,0.09530419071587408,0.010025397555574116,-20,0.5,5.0,-20,3.2857689340939955,0.010620081359308083
"('box2', 0, 250)",0.21818381197412617,0.003258246711555018,0.0012150784981584388,-5,0.5,5.0,0,22.501471313403908,0.0016002195314359588
"('box2', 0, 300)",0.12131232902100451,0.0007940738194106674,0.00038353574852912156,5,0.5,5.0,5,36.235836298818285,0.00042290492647076435
"('box2', 0, 350)",0.13828246452525125,0.0005526070621020725,0.0002337204536973306,30,0.5,5.0,30,-106.61661492923965,0.00024412167297329173
"('box2', 0, 400)",0.1935849970905766,0.0002558484027162428,0.00020383984452994035,30,0.5,5.0,30,-109.18481723814143,0.00020919920137565064
"('box2', 0, 450)",0.20830268749329114,0.00021625549716795364,0.0001892535525399532,30,0.5,5.0,30,-99.92225567257607,0.00019422857643229113
"('box2', 0, 500)",0.21236107673099883,0.00020625988612498852,0.00017771898523376964,30,0.5,20.0,30,-98.05101673629382,0.00018249841982267235
"('box2', 0, 550)",0.21361732171418019,0.0002031470887298192,0.00016644601226182984,20,0.5,5.0,30,-97.95508533008798,0.0001713117598418609
"('box2', 0, 600)",0.2143626869467232,0.00020371925094422617,0.00015541623471276676,30,0.5,5.0,30,-98.18732079585656,0.00016022234332977494
"('box2', 0, 650)",0.21504621959203887,0.00020772978659185058,0.00014450131744577383,30,0.5,20.0,30,-98.47649811749501,0.00014922233492415359
"('box2', 0, 700)",0.21573799453957496,0.00021557062711366343,0.00013417932003700902,30,0.5,5.0,30,-98.77725132387417,0.00013837827165279567
"('box2', 0, 750)",0.216437540415876,0.00022787428111635712,0.0001238917505537533,30,0.5,inf,30,-99.08352318911852,0.00012776066415701208
"('box2', 0, 800)",0.21713474184244158,0.0002454071466989476,0.00011362092673892465,30,0.5,20.0,30,-99.39770399001173,0.00011743346005640664
"('box2', 0, 850)",0.2178393328434821,0.00026904508699404395,0.00010364052675923782,30,0.5,10.0,30,-99.7137074572119,0.00010745430176138711
"('box2', 0, 900)",0.21854146874715283,0.00029961837872149484,9.453772885117059e-05,30,0.5,5.0,30,-100.03335140724155,9.787230352262653e-05
"('box2', 0, 950)",0.2192403998355959,0.00033805934842007457,8.562121051804782e-05,30,0.5,5.0,30,-100.3541565358674,8.872886582163633e-05
"('box2', 0, 1000)",0.21993410203790298,0.0003853886124957252,7.759703594699139e-05,30,0.5,20.0,30,-100.6739434742499,8.005751483934544e-05
"('box2', 0, 1050)",0.22060422946988167,0.00044262964928613245,6.939871877325453e-05,30,0.5,5.0,30,-100.99789378102231,7.188434336162974e-05
"('box2', 0, 1100)",0.2212770511990583,0.0005106883073899024,6.18316356907473e-05,30,0.5,5.0,30,-101.31579180607169,6.422761832315783e-05
"('box2', 0, 1150)",0.22192557239722296,0.0005909905021447914,5.4825113619366836e-05,30,0.5,10.0,30,-101.6301471154108,5.709874513409605e-05
"('box2', 0, 1200)",0.22256165337432782,0.0006846115510217041,4.8627456557382375e-05,30,0.5,5.0,30,-101.94286934235164,5.050179077707878e-05
"('box2', 0, 1250)",0.22318084872237584,0.0007927761776028138,4.307725381289352e-05,30,0.5,5.0,30,-102.24741263830543,4.443475038899124e-05
"('box2', 0, 1300)",0.2237718569564339,0.0009157226194449637,3.7761738874003607e-05,30,0.5,10.0,30,-102.55316914172192,3.8889435181668126e-05
"('box2', 0, 1350)",0.2243614621078298,0.001056657265132237,3.25853385599903e-05,30,0.5,5.0,30,-102.8438540228869,3.385257155895501e-05
"('box2', 0, 1400)",0.2249088100984903,0.001214248367689286,2.8327472802395645e-05,30,0.5,5.0,30,-103.1304370731947,2.9306175981613207e-05
"('box2', 0, 1450)",0.22543700349891685,0.001391127401492629,2.4823808329723773e-05,30,0.5,5.0,30,-103.41085843649083,2.5228634946346196e-05
"('box2', 0, 1500)",0.2259344032767922,0.0015877026372024413,2.118684494230069e-05,30,0.5,5.0,30,-103.68785050815903,2.159465865963965e-05
"('box2', 0, 1550)",0.22642206533584677,0.001804386517247731,1.8358343418044743e-05,30,0.5,5.0,30,-103.94572795011645,1.837696159958511e-05
"('box2', 0, 1600)",0.22686017171088707,0.002042179955483285,1.528810548197406e-05,30,0.5,5.0,30,-104.19884198239694,1.5546691790651836e-05
"('box2', 0, 1650)",0.22729269184383222,0.00230209878107085,1.2976215868049343e-05,30,0.5,10.0,30,-104.44004772098934,1.3073361298518969e-05
"('box2', 0, 1700)",0.2276921352180427,0.0025839798433804316,1.0691466084167714e-05,30,0.5,5.0,30,-104.67039540798301,1.0926238091279089e-05
"('box2', 0, 1750)",0.22805979881134597,0.002887555437680925,9.477737122188247e-06,30,0.5,50.0,30,-104.89072732850059,9.074888844507023e-06
"('box2', 0, 1800)",0.2284340231011616,0.0032119687272646378,7.699175208609003e-06,30,0.5,5.0,30,-105.09679673138967,7.489752706196442e-06
"('box2', 0, 1850)",0.2287244500515727,0.0035543405371305085,6.334965946572555e-06,30,0.5,5.0,30,-105.31681502965715,6.1415258218544885e-06
"('box2', 0, 1900)",0.22904269194452698,0.003923229404275958,5.388395921510342e-06,30,0.5,10.0,30,-105.49287056287241,5.003084819140875e-06
"('box2', 0, 1950)",0.22932045045387112,0.004305693618108479,4.340369497068163e-06,30,0.5,5.0,30,-105.67777594470606,4.048311904047114e-06
"('box2', 1, 0)",0.6518549055169004,2.433003619416642,1.0867636730030052,-30,0.5,5.0,-30,13.583208465673174,2.335751037568559
"('box2', 1, 10)",0.6530822004356619,0.982872656394254,0.6654722031285294,30,0.5,5.0,-30,44.84933996128257,0.9335908689426267
"('box2', 1, 20)",0.6126521021777843,0.8156999310492778,0.5081698077253417,30,0.5,5.0,30,62.5191259761114,0.47014898899020385
"('box2', 1, 50)",0.43430606923261916,0.5234319411894166,0.2939043299257197,30,0.5,5.0,30,-147.44793409704164,0.25009897184348384
"('box2', 1, 100)",0.3256566438451135,0.2842304059506893,0.0937560642133958,30,0.5,5.0,30,-29.261320355277885,0.07894761772319976
"('box2', 1, 150)",0.2688380372243431,0.05648556243429585,0.018217318744816684,30,0.5,5.0,-10,-39.88364853422453,0.02100550112842394
"('box2', 1, 200)",0.1858238394922788,0.03259033194161181,0.005478075509358334,30,0.5,5.0,30,5.227112456067304,0.0066577788632845745
"('box2', 1, 250)",0.17706981583676445,0.012328509422476385,0.003860263805483008,-20,0.75,inf,-30,-26.43242163049758,0.0043477627453572115
"('box2', 1, 300)",0.16689098321117646,0.0041291778372847115,0.003515142296892481,-30,1.0,10.0,-20,52.87627949214472,0.003799235633016024
"('box2', 1, 350)",0.16142736008394437,0.003495897774488345,0.0032842592227351392,-30,1.5,5.0,-30,44.57751073168164,0.003536021429218729
"('box2', 1, 400)",0.1555476204347667,0.0034888655506558467,0.003109214643541795,-30,1.5,10.0,-30,23.40865274257266,0.0033252202257527236
"('box2', 1, 450)",0.15323085006845746,0.004018067571506345,0.0029001680967434317,-30,1.25,20.0,-10,-8.762901044189746,0.0031229615078177306
"('box2', 1, 500)",0.15215935189194513,0.005895134498896568,0.002705969265868492,-30,1.25,5.0,-30,129.1530517920074,0.002921024639472407
"('box2', 1, 550)",0.1517982839337979,0.010702815488308603,0.002489876358186828,-20,1.25,20.0,-15,130.09735531602217,0.00271898702796632
"('box2', 1, 600)",0.15213707482843716,0.02047850341564885,0.002351360018798368,-20,1.25,5.0,-30,131.16842368413518,0.0025181975279236586
"('box2', 1, 650)",0.15335319886430268,0.03655839485237379,0.0021396283411548207,-20,1.5,5.0,-30,132.34450217131248,0.0023202954800738717
"('box2', 1, 700)",0.15437572766287921,0.05842133923489549,0.0019607421315570106,-30,1.0,50.0,-30,133.60886098912968,0.0021268500088301298
"('box2', 1, 750)",0.15517340174152197,0.08437907100725606,0.0017934301944481513,-30,1.25,5.0,-30,134.9327110253549,0.00193928775299788
"('box2', 1, 800)",0.15577166238759638,0.11232841131155955,0.0016091730579701528,-30,1.25,5.0,-30,-14.489302855007756,0.0017588492160154935
"('box2', 1, 850)",0.15673618071961143,0.14073871806967775,0.0014328823196069983,-30,1.25,5.0,-30,-15.804218099618963,0.0015865876339100221
"('box2', 1, 900)",0.1584950926855097,0.16884381132228984,0.0012944950858056214,-30,1.0,20.0,-30,-17.059067638753604,0.0014233559132532491
"('box2', 1, 950)",0.1603633236223128,0.1960196693567467,0.001156609830721864,-30,1.0,inf,-30,-18.238773331223925,0.0012698156382167365
"('box2', 1, 1000)",0.16228851683448695,0.22136076305295185,0.001018876370049331,-30,1.0,5.0,-30,-19.333848182700088,0.0011264347101769888
"('box2', 1, 1050)",0.16421136485955365,0.24362378914649216,0.0009006186139754662,-30,1.0,inf,-30,-20.339726669793357,0.0009935065299864116
"('box2', 1, 1100)",0.16609391116503033,0.266991534804571,0.0007919121737823612,-30,1.0,50.0,-30,-21.254902202266656,0.0008711533959732084
"('box2', 1, 1150)",0.16789412974685697,0.2867672356844829,0.0006986292185011909,-30,1.0,inf,-30,-22.084900560728265,0.0007593422182692303
"('box2', 1, 1200)",0.16957259895852683,0.30701655455902627,0.0005939655502530782,-30,1.0,50.0,-30,-22.84071771388625,0.0006579005549400288
"('box2', 1, 1250)",0.1711008076939203,0.32570814399013726,0.0005052293058082993,-30,1.0,5.0,-30,-23.06857254217182,0.0005665313339482776
"('box2', 1, 1300)",0.17246559678566217,0.34208066402912846,0.00044230788931583757,-30,0.75,10.0,-30,-22.323339442459616,0.0004848303118714033
"('box2', 1, 1350)",0.1736538160871605,0.3604078317157055,0.0003669135097797169,-20,1.0,5.0,-30,-21.641885670600733,0.00041230914983339686
"('box2', 1, 1400)",0.17466749249648555,0.37693860347435415,0.000322193701130539,-30,0.75,inf,-30,-21.016442047695236,0.00034840599789617464
"('box2', 1, 1450)",0.17550527088743575,0.39157577954582806,0.0002554118799846778,-10,1.0,5.0,-30,-20.44046205705393,0.00029251137378174575
"('box2', 1, 1500)",0.17618095765940767,0.40812996461423656,0.00021947842202717097,-30,0.75,20.0,-30,-19.905375989918703,0.00024398298465345064
"('box2', 1, 1550)",0.1767106906814436,0.4228463180541717,0.00018472205315633216,-30,0.75,5.0,-30,-19.40874367575457,0.00020216189124151653
"('box2', 1, 1600)",0.17710501406110238,0.43987793474798276,0.0001532798751303147,-30,0.5,10.0,-30,-18.94303842413313,0.00016638933239558366
"('box2', 1, 1650)",0.1773764157797572,0.45191217539458217,0.00012436475254931455,-30,0.5,20.0,-30,-18.505570394968313,0.0001360192630161154
"('box2', 1, 1700)",0.1775501533919797,0.464773963744335,0.00010146247920557287,-30,0.5,5.0,-30,148.28463805219877,0.0001104297133754144
"('box2', 1, 1750)",0.17763546102066524,0.4781131235812248,7.895617681699427e-05,-30,0.75,10.0,-30,148.41345797875945,8.902988098982892e-05
"('box2', 1, 1800)",0.1776470570410741,0.49205534914505583,6.615272826332965e-05,-30,0.75,5.0,-30,148.50992741470935,7.127043045314677e-05
"('box2', 1, 1850)",0.17760412990137633,0.5051109377282299,5.426951622881078e-05,-30,0.5,10.0,-30,148.5838243105199,5.664473817120783e-05
"('box2', 1, 1900)",0.17752328893480082,0.5157633172648637,4.201887966072576e-05,-30,0.5,5.0,-30,148.63668506787332,4.469200325645557e-05
"('box2', 1, 1950)",0.17739478563800756,0.526818790078418,3.2877663378044334e-05,-30,0.5,10.0,-30,148.6734036024734,3.5000370280100645e-05
"('box2', 2, 0)",0.5369602962466952,6.376806870314928,5.693765892098992,-15,1.5,5.0,-30,-38.75450110792544,37.50701411924256
"('box2', 2, 50)",0.6883889953419765,1.5325707953319312,1.4097657273782827,-30,1.25,10.0,-30,-58.968749118740114,1.76699602826355
"('box2', 2, 60)",0.6910849419823123,1.3239387427456262,1.1808216648382879,-30,1.5,10.0,-30,-25.107042448650784,1.6075624758842655
"('box2', 2, 70)",0.6888594865584751,1.157736841918404,1.0091219345506357,-30,1.5,10.0,-30,5.3974697348576175,1.5930958076848658
"('box2', 2, 100)",0.6285297939336318,1.0641540175951316,0.863269411676501,-30,1.5,inf,-30,28.396913258477035,1.2557669487388772
"('box2', 2, 150)",0.5613730180355243,2.0596266472630753,1.1282425681726722,-30,0.5,5.0,-30,-32.411206257837875,0.8488266904429682
"('box2', 2, 200)",0.4621886099476338,1.1787094421399489,0.439010147010781,-30,0.5,10.0,-30,11.165800967141847,0.30905353778010064
"('box2', 2, 250)",0.27112934109861114,1.3182926541385895,0.15985594456857866,-30,0.5,5.0,-30,-11.427893347523629,0.09852147158365147
"('box2', 2, 300)",0.15254970472379664,1.4992939684920052,0.0985289976116516,15,0.5,5.0,30,112.023367458834,0.07655722907876317
"('box2', 2, 350)",0.13108076939972318,2.4049889840765353,0.07511515727186038,30,0.5,5.0,30,90.22986556886725,0.06512674483546003
"('box2', 2, 400)",0.12551894616215073,3.691552535663802,0.07658392325843687,30,0.5,5.0,30,76.62583909112973,0.050857129003811806
"('box2', 2, 450)",0.1265388451103433,5.039364034262439,0.062339759419306494,30,0.5,5.0,30,69.55421647910471,0.04011387532735523
"('box2', 2, 500)",0.12330228185469319,6.296613769269173,0.08510540495450251,30,0.5,10.0,30,58.13729799816136,0.03202137329751724
"('box2', 2, 550)",0.1398336984825749,8.08536860225794,0.037711361860078764,20,0.5,5.0,30,47.884684227184955,0.02535808445719029
"('box2', 2, 600)",0.15530067183507382,18.397287102729347,0.08374451994051654,30,0.5,20.0,30,38.21647365345014,0.01939294532185244
"('box2', 2, 650)",0.18838253140380196,65.41835955140961,0.16708714663493127,30,0.5,5.0,-30,-67.2907219723682,0.013903722577992227
"('box2', 2, 700)",0.22762072120832447,57.20080213268685,0.5694985739768639,30,0.5,10.0,-20,-34.71997418825256,0.009204368120936026
"('box2', 2, 750)",0.25572642036283144,29.966627190536343,0.6736360875356082,30,0.5,5.0,-30,-34.90249413873678,0.0058145181262555965
"('box2', 2, 800)",0.27066560394466604,10.058046813274135,1.0527208095422338,30,0.5,10.0,-30,-35.91477751021391,0.003799909067739332
"('box2', 2, 850)",0.27688542673171346,13.837273539886457,1.213875209330424,30,0.5,20.0,-20,-31.72407834363021,0.002728080588289
"('box2', 2, 900)",0.27566251325311397,26.297627521183784,0.8686732131194577,30,0.5,5.0,-20,-54.01495505899695,0.002157360821177188
"('box2', 2, 950)",0.2719318985539722,38.29868523990533,0.9847540235966867,30,0.5,5.0,-20,-63.110748074335646,0.0018351051943520755
"('box2', 2, 1000)",0.2677327537849155,50.00145174529864,1.6224411907584055,-30,0.5,5.0,-20,-68.995009600473,0.0016403029909021483
"('box2', 2, 1050)",0.26377940111833664,42.35850779308167,1.2518038270383631,30,0.5,5.0,-20,-73.94854871956531,0.001514770844598275
"('box2', 2, 1100)",0.2602887017326483,46.48342003118963,1.3531533320993667,30,0.5,5.0,-20,-78.26584153596765,0.0014288733260961733
"('box2', 2, 1150)",0.2573118310401833,48.355236448357765,1.9024856473586609,-30,0.5,5.0,-20,-81.88324122876185,0.0013666228334153064
"('box2', 2, 1200)",0.2548415165150988,47.3631952564721,1.2933349773604053,30,0.5,5.0,-20,-84.79245552929585,0.0013188163035477145
"('box2', 2, 1250)",0.2528338949809501,43.176404260062796,2.262688362859056,-15,0.5,5.0,-20,-87.09067152288121,0.0012800203283120262
"('box2', 2, 1300)",0.2512444935892853,39.19914132454495,1.9666152650345534,30,0.5,5.0,-20,-88.90759352240138,0.0012468342820776963
"('box2', 2, 1350)",0.2500263459369821,37.011140702736064,1.7944605982348587,30,0.5,5.0,-20,-90.36460534916937,0.001217096566576397
"('box2', 2, 1400)",0.24913732718349516,35.27577978788228,2.3982635749381895,-30,0.5,5.0,-20,-91.56062613635612,0.0011893750019881537
"('box2', 2, 1450)",0.24853790828243538,33.313552527138185,1.216178361249268,30,0.5,5.0,-20,-92.5701545226883,0.0011627301773049065
"('box2', 2, 1500)",0.24819746727986525,30.550817143907647,1.917313130496082,-30,0.5,10.0,-20,-93.44540479403713,0.0011365006642081843
"('box2', 2, 1550)",0.24807975885965264,26.91678897494905,2.354180785070103,-30,0.5,5.0,-20,-94.22928040109727,0.0011102649839011458
"('box2', 2, 1600)",0.2481671207735172,21.988368028763084,2.3552052178633747,30,0.5,5.0,10,-94.94218214809588,0.001083692205118324
"('box2', 2, 1650)",0.24842426407531074,16.35086964819727,1.7957575836374187,-30,0.5,5.0,10,17.27045509268756,0.0010566104229017968
"('box2', 2, 1700)",0.2488455279344447,11.85365576847806,2.3645011510595557,-30,0.5,5.0,10,17.01823228703892,0.0010288189717221619
"('box2', 2, 1750)",0.24940300579550922,8.499016528500047,1.3054885911411993,30,1.25,inf,-5,16.68126038386603,0.001000249497078741
"('box2', 2, 1800)",0.2500876226647848,7.018445870910064,2.49618971126115,-30,1.25,5.0,-5,16.264865760803776,0.0009708476309512749
"('box2', 2, 1850)",0.25087667803091784,5.8708318824536745,2.9673095484262086,0,1.0,5.0,0,15.788457322156669,0.0009405490720050504
"('box2', 2, 1900)",0.2517615291090371,5.236955112253857,2.1579157854322504,-30,1.5,5.0,-15,15.237475612389554,0.0009093750462691654
"('box2', 2, 1950)",0.25272629962275756,4.991065784704117,1.7371615392728958,-15,1.25,5.0,-15,14.625869396605214,0.0008772925433509066
"('box2', 3, 0)",0.5800222900068935,0.9775416100904604,0.7670490811499742,-30,0.5,10.0,-30,41.339790730444236,1.52189030943719
"('box2', 3, 20)",0.6548713299360552,0.7843734807585214,0.6552918758386485,-30,0.5,20.0,-30,115.06314638375997,0.8663364336518949
"('box2', 3, 30)",0.6775662144155761,0.8404618805535948,0.6368587218670673,-30,0.5,10.0,-30,69.21391100224022,0.7048100391409979
"('box2', 3, 40)",0.6717734745658152,0.858174680927223,0.5719594280428575,-30,0.5,5.0,-30,69.04346668443911,0.5792651934903953
"('box2', 3, 50)",0.6227644661346544,0.8253524962628834,0.4365594065923606,-30,0.5,5.0,-30,46.53104851284737,0.45335472526958187
"('box2', 3, 100)",0.17400678432830652,0.4643430451464141,0.050975055181210725,30,0.75,10.0,30,-50.90700579924098,0.07574116237367076
"('box2', 3, 150)",0.21954761085169378,0.3060490689786034,0.04383561597301594,30,0.5,5.0,20,42.45663822693461,0.041611779459833007
"('box2', 3, 200)",0.2672240635310919,0.8347022475098766,0.005867317645873378,20,0.5,5.0,20,6.485437213908817,0.003732557409013271
"('box2', 3, 250)",0.26373042404520736,0.16551463513027134,0.002269608474661276,-30,0.5,5.0,-30,23.204272177439485,0.0011898659488954
"('box2', 3, 300)",0.23915426024237763,0.15705427313489034,0.00217441301976891,-30,0.5,5.0,-30,64.39552279930669,0.0011083679920697823
"('box2', 3, 350)",0.23807757890171624,0.24937584209905647,0.0021900323254155376,-30,0.5,5.0,-30,73.36486428543421,0.0010126477344666145
"('box2', 3, 400)",0.23833011674046745,0.3477901281380997,0.002086386193390629,-30,0.5,10.0,-30,72.8386949475638,0.0009156984560257951
"('box2', 3, 450)",0.23838209962096302,0.46460168816288216,0.002624123627630373,-30,0.5,20.0,-30,72.30040493993836,0.0008200528927863656
"('box2', 3, 500)",0.23825634357448283,0.596648244701798,0.00274188685714673,-30,0.5,5.0,-30,71.78155571600874,0.0007269645531999345
"('box2', 3, 550)",0.23803300840835945,0.7412829834669996,0.0030054244090343143,-30,0.5,20.0,-30,71.01026660700455,0.0006377690796545499
"('box2', 3, 600)",0.23783155207967488,0.8941501371719692,0.002875973398383816,-30,0.5,10.0,-30,70.31962116271075,0.0005535824836873704
"('box2', 3, 650)",0.23774907216035882,1.0507553211906668,0.00307066909190949,30,0.5,5.0,-30,69.75585278762391,0.00047529095271517315
"('box2', 3, 700)",0.23781149919724331,1.2060067068501072,0.0031867094955682377,-30,0.5,50.0,30,69.3104080519296,0.000403545027675274
"('box2', 3, 750)",0.2379818857509605,1.3565899820631304,0.0022351918624837494,-30,0.5,5.0,-30,68.96549356349841,0.0003387546087469184
"('box2', 3, 800)",0.23822544309989424,1.49806874273318,0.0015495488056760233,-30,0.5,5.0,-30,68.70634444770337,0.0002810938884187603
"('box2', 3, 850)",0.23849637100919951,1.6282359624504181,0.0021174933804042452,-30,0.5,5.0,-30,68.50780382721867,0.00023052681186027773
"('box2', 3, 900)",0.23877502966767383,1.743235223701389,0.0015723216764643975,-30,0.5,5.0,-30,68.35490179157743,0.0001868237139525405
"('box2', 3, 950)",0.23906990250163543,1.8437738385340428,0.0017800617617982997,-30,0.5,5.0,-30,68.2256890257647,0.00014960050720788277
"('box2', 3, 1000)",0.23938450368816833,1.9292840197872938,0.0016510338633985093,-30,0.5,5.0,-30,68.11126960219393,0.0001183532636982245
"('box2', 3, 1050)",0.23971700798434845,2.000250808049684,0.0017585966869509875,-30,0.5,5.0,-30,67.99984446361219,9.249960517391179e-05
"('box2', 3, 1100)",0.24006024047056554,2.057061858164429,0.0007134421763730582,-30,0.5,5.0,-30,67.8978013295242,7.14134769501224e-05
"('box2', 3, 1150)",0.24042244099357316,2.1013020429418527,0.0011551710423781216,-30,0.5,5.0,-30,67.80806282864363,5.445897922556245e-05
"('box2', 3, 1200)",0.24079657270933882,2.1326496249671387,0.001087037259437693,-30,0.5,5.0,-30,67.72540480620029,4.101872836354312e-05
"('box2', 3, 1250)",0.2411847239700826,2.151200474260623,0.0010336162201616318,-30,0.5,10.0,-30,67.65062265154066,3.0513068515723383e-05
"('box2', 3, 1300)",0.24156506992005908,2.157391940727291,0.0007026983824174011,-30,0.5,5.0,-30,67.58727140876246,2.2415140539881834e-05
"('box2', 3, 1350)",0.24194059218856792,2.151696816291621,0.0006324795996153421,-30,0.5,5.0,-30,67.52460027526752,1.6259929036605785e-05
"('box2', 3, 1400)",0.24232310331591916,2.1337144171230142,0.00051106205905973,-30,0.5,5.0,-30,67.46842455512443,1.1645742344469434e-05
"('box2', 3, 1450)",0.2426821208455406,2.1053960159524108,0.0005408192662937142,30,0.5,5.0,-30,67.4114215118371,8.23444880276062e-06
"('box2', 3, 1500)",0.24303537796676225,2.0665887521947934,0.000453592944441147,-30,0.5,10.0,-30,67.37580537280071,5.747342578220976e-06
"('box2', 3, 1550)",0.24335250332867495,2.0180060396889603,0.00019817919775676996,-30,0.5,5.0,-30,67.32632406315174,3.9590732986264345e-06
"('box2', 3, 1600)",0.2436585068326474,1.9607837887473358,0.00025153820930261397,-30,0.5,5.0,-30,67.28363994164881,2.6912762829218206e-06
"('box2', 3, 1650)",0.2439552607067119,1.8960935933811291,0.0002076910890519265,-30,0.5,5.0,-30,67.23727854682782,1.804970307139687e-06
"('box2', 3, 1700)",0.24425189879459747,1.8247807080778258,0.0001687945892921192,-30,0.5,5.0,-30,67.21452800160421,1.194101116081125e-06
"('box2', 3, 1750)",0.24443506349070698,1.747805070481828,0.0003026889794604373,-30,0.5,10.0,-30,67.2048630605183,7.790696946104402e-07
"('box2', 3, 1800)",0.2447270095301801,1.66637879428242,0.00014438620574932929,-30,0.5,5.0,-30,67.17400054499159,5.011761076009245e-07
"('box2', 3, 1850)",0.24499437769070384,1.5804102513883147,0.00010380221271498075,-30,0.5,5.0,-30,67.17055887815637,3.178021937360445e-07
"('box2', 3, 1900)",0.24511507002549668,1.491575876566611,8.395721053867177e-05,30,0.5,5.0,-30,67.18333707806705,1.9858541542393882e-07
"('box2', 3, 1950)",0.24529872242486353,1.4009898660835174,7.117644769805747e-05,-30,0.5,5.0,-30,67.25953698761542,1.2224749990780614e-07
"('box2', 4, 0)",0.6591260948195423,1.3993805499271699,0.8576273415478812,30,0.5,20.0,30,-106.00527677786873,1.5206332009798607
"('box2', 4, 10)",0.639204051276452,0.9048814582867815,0.6704330442468982,30,0.5,5.0,30,-53.995930506475105,0.9760817090393772
"('box2', 4, 20)",0.607532171098581,0.8102542643389701,0.6301329474951547,30,0.5,5.0,30,-16.513492756359295,0.7022369236920945
"('box2', 4, 50)",0.38192692185034255,0.6338397243850491,0.5516830309302063,20,0.5,10.0,5,-15.889596447392544,0.4461590582284701
"('box2', 4, 100)",0.17651466655595327,0.805343932923406,0.6347834608619773,30,1.25,20.0,30,-21.538942272759655,0.6266924213012618
"('box2', 4, 150)",0.1771723505698771,0.8214833417124832,0.4773511121296262,30,0.75,5.0,30,-23.389893796678294,0.4935672156977905
"('box2', 4, 200)",0.17423583758403657,0.21809210386005579,0.16282259745586353,-30,0.75,5.0,-30,16.051287940518918,0.17595311847295875
"('box2', 4, 250)",0.2404757289820863,0.1079160227737362,0.0787039302194717,30,1.25,5.0,30,-19.85403659876582,0.11442792067421689
"('box2', 4, 300)",0.20690289137117543,0.06357685217222697,0.049181239834215476,20,1.25,5.0,30,-34.637865356704054,0.07794754225280252
"('box2', 4, 350)",0.20647515402498376,0.036684702938883734,0.02568476459944493,20,1.0,5.0,20,-35.21168132639988,0.04826088151218848
"('box2', 4, 400)",0.20974107157568744,0.020855268533741984,0.013953543844960387,15,1.0,10.0,15,-33.84723334233909,0.02763599045955365
"('box2', 4, 450)",0.2120691903099572,0.012195142516804942,0.006731846931521493,20,0.75,20.0,15,-33.67252241793079,0.01488979259415647
"('box2', 4, 500)",0.21200788030640652,0.007958957543295089,0.0032458471247326552,30,0.5,20.0,20,-34.686364853797365,0.007653242525836745
"('box2', 4, 550)",0.2127666835559741,0.006144915418110795,0.0014724381972939557,30,0.5,10.0,-5,49.4730379679951,0.003784644584969343
"('box2', 4, 600)",0.21380307171841234,0.0054321807073210646,0.0007222565810196599,20,0.5,10.0,-10,50.20717123281915,0.0018087962494053786
"('box2', 4, 650)",0.2149451037479603,0.005078087877813909,0.0003626003272157785,20,0.5,10.0,-15,51.061200377105294,0.0008373965894080692
"('box2', 4, 700)",0.21586318353159428,0.004674557605801535,0.00016747044194857013,20,0.5,5.0,-15,51.88236995754378,0.0003759284087789319
"('box2', 4, 750)",0.21634939093726047,0.004076411514742693,7.822867067658695e-05,10,0.5,5.0,-20,52.58668476383451,0.00016367318327572785
"('box2', 4, 800)",0.21636142077718853,0.0033425412264822436,3.626704753494261e-05,10,0.5,5.0,-20,53.143537027973046,6.906725741577387e-05
"('box2', 4, 850)",0.2159063848357462,0.0025409744729453796,2.525180504712394e-05,10,0.5,20.0,-20,53.53031071729079,2.820657816123155e-05
"('box2', 4, 900)",0.2151848562180333,0.001788733587647904,1.2581689126294864e-05,-15,0.5,10.0,-20,53.80084631656277,1.1125308847617795e-05
"('box2', 4, 950)",0.21435170496482292,0.0011705716836722447,5.136891109718961e-06,-5,0.5,5.0,-20,53.97265323460977,4.229368389223359e-06
"('box2', 4, 1000)",0.21347098155862848,0.0007069811582814767,2.167600105369179e-06,30,0.5,5.0,-20,54.087196111836484,1.5457869299502952e-06
"('box2', 4, 1050)",0.21252838721346473,0.00039646758100007407,7.823495483415936e-07,15,0.5,5.0,-30,54.10327773928888,5.419425918695989e-07
"('box2', 4, 1100)",0.21183794194176347,0.0002090568850472929,3.9750138532441457e-07,30,0.5,5.0,-20,54.12626469876269,1.8190743492705459e-07
"('box2', 4, 1150)",0.21109434323803003,0.00010252740774500234,1.4766677408142961e-07,-30,0.5,5.0,-20,54.166936917741786,5.831639988758464e-08
"('box2', 4, 1200)",0.21013704900524394,4.7035041512085476e-05,5.593819430508649e-08,-20,0.5,5.0,-20,54.00958497435478,1.7893175805723924e-08
"('box2', 4, 1250)",0.21043830370370298,2.042477121193443e-05,2.394421866581217e-08,5,0.5,5.0,-20,54.4487200805971,5.211680244734829e-09
"('box2', 4, 1300)",0.21177254190731848,8.519333281344269e-06,4.805390604395195e-09,-20,0.5,5.0,-20,54.7862692591891,1.4425611445886932e-09
"('box2', 4, 1350)",0.2121301601970248,2.932997922050411e-06,1.9982228648299362e-09,5,0.5,5.0,-20,55.334370852445076,3.8073958110044786e-10
"('box2', 4, 1400)",0.20694687372078863,1.0582008777481615e-06,5.045132207765423e-10,-30,0.5,5.0,-20,54.74329074770466,9.470608702118898e-11
"('box2', 4, 1450)",0.19264402832045163,3.296156545908416e-07,1.5039134102042824e-10,30,0.5,5.0,-20,50.364435962993284,2.214757366070431e-11
"('box2', 4, 1500)",0.20546752914781483,1.971219398101918e-07,3.361698955020997e-11,-20,0.5,10.0,30,50.65281423064589,4.873772726373508e-12
"('box2', 4, 1550)",0.16247181634370628,3.721750320895933e-09,8.884417620266268e-12,0,0.5,5.0,-30,50.000744898498155,1.0680813905600578e-12
"('box2', 4, 1600)",0.17274988917269102,3.2439551815574346e-08,2.8186947964547426e-12,-15,0.5,5.0,-15,-59.240211908203584,2.371356581319869e-13
"('box2', 4, 1650)",0.17241869854614508,1.092333143118163e-08,5.380613449128629e-13,-15,0.5,5.0,-30,29.726589164531283,8.867236845345211e-14
"('box2', 4, 1700)",0.07074425235657161,1.63085362354606e-10,2.3821942087031265e-13,10,0.5,5.0,5,113.61775190082496,4.302199922549834e-14
"('box2', 4, 1750)",0.18161142808796604,1.2884387228523152e-08,4.949319372786064e-14,-30,0.5,5.0,30,-80.23003639716487,4.734897925870158e-14
"('box2', 4, 1800)",0.1676666934579372,3.398155388470882e-11,1.3082642578757615e-13,-5,0.5,5.0,0,-70.40032332393159,6.077838833712675e-14
"('box2', 4, 1850)",0.28698792088679725,4.059134033478052e-11,4.343605903833602e-14,-20,0.5,5.0,5,-15.379507336377582,2.14620164817022e-14
"('box2', 4, 1900)",0.3639289476845842,1.0303692537321872e-09,5.777888266886182e-13,0,0.5,5.0,-30,-27.823981436436874,4.591234105769583e-14
"('box2', 4, 1950)",0.1539219856530183,3.658161640238684e-08,3.647137964156499e-13,30,0.5,10.0,-20,14.903456376600667,3.4148479328443286e-14
"('box2', 5, 0)",0.6789440244439893,0.9804838451730455,0.8121765207754482,20,0.5,5.0,-30,-44.25130736156885,0.8512674028442344
"('box2', 5, 10)",0.5896511604579332,0.8843446041100469,0.7464022885514995,-30,0.5,5.0,-30,-9.736818240917545,0.664917555787919
"('box2', 5, 20)",0.5788255211861416,0.8198750430691962,0.6410726160760382,-30,0.5,5.0,15,2.495938333134991,0.5474806134367662
"('box2', 5, 50)",0.4710620104528222,0.6642736524533451,0.3525670335838581,30,0.5,5.0,-10,-43.18818551517122,0.25390158106952854
"('box2', 5, 100)",0.331465932826723,0.4320475339923283,0.05904945545574587,30,0.5,5.0,30,23.010520700601326,0.039573695560272515
"('box2', 5, 150)",0.3999257499144709,0.6995368605808175,0.014522530703259363,30,0.5,5.0,30,28.45694171843265,0.004969670387413107
"('box2', 5, 200)",0.38528724966842604,0.9303238885139636,0.014052695609525656,30,0.5,10.0,30,2.110215996272782,0.002673606402884471
"('box2', 5, 250)",0.38542385646467237,0.8247125148037098,0.009795306512782851,30,0.5,10.0,30,3.5711623151234,0.0013623793946980814
"('box2', 5, 300)",0.3738378194763856,0.7681158249435514,0.008017921845427715,30,0.5,10.0,30,5.484917691975666,0.0006910828028522048
"('box2', 5, 350)",0.36421479150686137,0.7998963640167873,0.006018700804896105,30,0.5,5.0,-30,6.399299212615053,0.00034514794557780174
"('box2', 5, 400)",0.35590383194511827,0.8915279861377572,0.0037267891262998563,20,0.5,5.0,-30,6.736024925493289,0.00016920260996532876
"('box2', 5, 450)",0.3490519294272843,1.0004616467412428,0.0022197642193140256,30,0.5,5.0,-30,6.3869421122537124,8.099993572880138e-05
"('box2', 5, 500)",0.3435140234830019,1.1043617324089496,0.0017661027973777728,-30,0.5,5.0,-30,5.320336551324606,3.766280223926665e-05
"('box2', 5, 550)",0.33898191136269445,1.1847328669206258,0.0012744481973705202,-20,0.5,5.0,-20,3.5510660789410613,1.6922448418940792e-05
"('box2', 5, 600)",0.33526811400896406,1.2269845327923563,0.0006987223488311566,-20,0.5,5.0,-20,1.1988375349159999,7.31447723968853e-06
"('box2', 5, 650)",0.3322592069325864,1.2247553352539342,0.0007129363247088689,-30,0.5,5.0,30,-1.442642848319276,3.0298593333682634e-06
"('box2', 5, 700)",0.3299400902522528,1.1626555632868432,0.00027754677743619196,-30,0.5,10.0,-30,-4.053776766772674,1.1990688905070165e-06
"('box2', 5, 750)",0.32821033551760037,1.062763660038634,4.6673982449688326e-05,-30,0.5,5.0,-30,-6.403266765728282,4.521975903689453e-07
"('box2', 5, 800)",0.32662960111378564,0.9378957100187296,8.147442812297617e-05,30,0.5,5.0,-30,-8.380854431179635,1.6217047403148369e-07
"('box2', 5, 850)",0.32554253259528454,0.7924815348756036,1.9519435226836572e-05,-30,0.5,5.0,-30,-10.016984509381132,5.5211441578780844e-08
"('box2', 5, 900)",0.32511353071491866,0.6482592580224885,1.3689278709910115e-05,-20,0.5,5.0,-30,-11.413287819702143,1.7822641072488274e-08
"('box2', 5, 950)",0.32424153966243296,0.5432831201082285,4.7037184177133065e-06,-30,0.5,5.0,-30,-12.274560981881303,5.439825882325941e-09
"('box2', 5, 1000)",0.3248636671181233,0.3742326708368539,2.7267089708535807e-06,-30,0.5,10.0,-30,-13.407222108707415,1.5735017685640534e-09
"('box2', 5, 1050)",0.32325995310011374,0.2034050948820271,6.118019014319961e-07,-30,0.5,5.0,-30,-14.716240942954954,4.273112046578172e-10
"('box2', 5, 1100)",0.3281303393304321,0.10672702970066146,1.7856498578106193e-07,-30,0.5,5.0,-30,-13.543705042921628,1.0969761671870853e-10
"('box2', 5, 1150)",0.3296628158514646,0.03451129102878606,2.4184237967115984e-08,30,0.5,5.0,-30,-11.581304381993583,2.648717925236213e-11
"('box2', 5, 1200)",0.30775769613412507,0.018468721439366363,2.6897156197285467e-08,-30,0.5,5.0,-30,-29.14849359981904,6.149775671318266e-12
"('box2', 5, 1250)",0.3866737190873783,0.0033009430944548218,1.0069589564841606e-08,-30,0.5,20.0,-30,-12.987949474446484,1.3218296853139307e-12
"('box2', 5, 1300)",0.44299593231417556,0.005069026294354818,1.979820942475284e-09,-30,0.5,5.0,-30,-22.76723267945255,3.044712699784889e-13
"('box2', 5, 1350)",0.2546103017502683,0.00019278661767107072,1.9543595225077344e-10,-30,0.5,5.0,-30,38.94642490257591,6.267174495172737e-14
"('box2', 5, 1400)",0.31323459409920623,0.004207938942642499,5.631650853376642e-10,-30,0.5,5.0,-30,28.46602548283585,3.3405852272497505e-14
"('box2', 5, 1450)",0.351034184876895,0.0038903701425536826,9.070237631205389e-10,-30,0.5,5.0,-30,-44.46979255605973,2.2089854024623465e-14
"('box2', 5, 1500)",0.29508901652701025,2.520096481456877e-05,1.0057310069371096e-10,30,0.5,5.0,-30,-47.27605504405857,1.711090535702932e-14
"('box2', 5, 1550)",0.17814785566122374,8.878479523077749e-05,1.0919583790886068e-10,-30,0.5,5.0,-30,-57.7333518550738,1.7319755288888972e-14
"('box2', 5, 1600)",0.31376861106443477,0.002565478279913691,4.694815637328304e-10,-30,0.5,5.0,-30,-41.53379001018991,2.2141062487114423e-14
"('box2', 5, 1650)",0.12054105387439781,1.3188581721722552e-06,9.241008150357074e-12,20,0.5,inf,10,69.64372783836183,1.393252838685037e-14
"('box2', 5, 1700)",0.39080580295536715,0.0011148413762567234,1.847554094195492e-11,20,0.5,5.0,-30,-10.63022781883007,1.883062154677515e-14
"('box2', 5, 1750)",0.5118162736775611,0.01609586538793526,4.454490681864731e-10,-30,0.5,5.0,-30,-8.177752766480975,2.424593361290083e-14
"('box2', 5, 1800)",0.11031778723321668,0.0004151079678752571,1.3530190418247631e-11,-30,0.5,20.0,-30,-18.229492945095934,1.405896881462215e-14
"('box2', 5, 1850)",0.2987747131676344,0.0033523067379937375,5.509615724983695e-10,30,0.5,5.0,-30,31.552866834691773,1.4660528072450598e-14
"('box2', 5, 1900)",0.21604708348392307,0.034787244639145655,3.046747428635209e-09,-30,0.5,5.0,-30,41.85155990479132,1.6875195756561024e-14
"('box2', 5, 1950)",0.321786675662638,0.01261574251817688,2.461515940422617e-10,-20,0.5,5.0,-30,-30.160773549258955,1.770128689670577e-14
"('box2', 6, 0)",0.4938269437419947,4.660358756184887,1.9257456104108939,-30,0.5,5.0,-30,-9.160049430207437,6.946488988317602
"('box2', 6, 10)",0.46443818776378054,1.2999667418465344,0.667291395187793,-30,0.5,5.0,-30,17.391878188037797,2.8858169104388205
"('box2', 6, 20)",0.4101702249836601,0.4746397370589232,0.326725660440753,-20,0.5,5.0,-30,33.01335922987652,1.20296426304761
"('box2', 6, 50)",0.30322225052657087,0.1927736108835112,0.1791284066315261,-30,0.5,5.0,-30,-85.980966696133,0.23603351677178663
"('box2', 6, 100)",0.27618088789045014,0.16963474225534916,0.149796759641104,-30,0.5,5.0,-30,6.725054393142257,0.15133523202602786
"('box2', 6, 150)",0.23729063318719756,0.1470621786410326,0.12149192194390887,-30,0.5,5.0,30,2.319976312285245,0.1208192478904276
"('box2', 6, 200)",0.2759447615947376,0.16590848260270122,0.09879687781184121,30,0.5,5.0,30,-72.59892286106921,0.0922230312411468
"('box2', 6, 250)",0.29771104337743426,0.14378110067851618,0.06447996833387937,30,0.5,20.0,30,4.2592159810782375,0.057150260299743884
"('box2', 6, 300)",0.2893562730223289,0.08044647947996003,0.03200435458428298,30,0.5,10.0,30,-15.335954702268337,0.027412963256839416
"('box2', 6, 350)",0.25520604077345943,0.01866185407418294,0.01490731684905991,-30,0.5,5.0,0,7.532115275426933,0.014188653533207335
"('box2', 6, 400)",0.24729658886139047,0.011390067669684967,0.009825832709049225,-30,0.5,5.0,-30,19.943628220466803,0.009756214850726795
"('box2', 6, 450)",0.24901989809412156,0.009291438936644685,0.0072749165566426775,-30,0.5,5.0,-30,0.5210340436143716,0.007341841204762731
"('box2', 6, 500)",0.25452548976678746,0.007790684788760965,0.00572938414870699,-30,0.5,5.0,30,45.06971073410143,0.005756550908164343
"('box2', 6, 550)",0.25685036082222723,0.0064709576410544355,0.004625277071535605,-30,0.5,5.0,20,40.87294570556946,0.004632262818471999
"('box2', 6, 600)",0.2617602479653998,0.005783424895401947,0.0037988649510555506,-30,0.5,5.0,30,38.59893359876108,0.003770473012651153
"('box2', 6, 650)",0.2626925261333659,0.005409113723740123,0.0031608813190129427,-30,0.5,5.0,30,36.7357069975232,0.003075116283617999
"('box2', 6, 700)",0.261999207819286,0.005196472101271837,0.0026354475871894247,-20,0.5,5.0,30,35.70638767250819,0.0025012510124278907
"('box2', 6, 750)",0.2606949490952042,0.005074327791653724,0.00215142158168503,-15,0.5,5.0,30,35.28767994451398,0.0020249871317130712
"('box2', 6, 800)",0.2591231447576203,0.00505157175090021,0.0017838451008098505,15,0.5,5.0,30,35.205487140101106,0.001630578497117589
"('box2', 6, 850)",0.257413989625588,0.0050741281174856365,0.0014541070112517088,-10,0.5,5.0,30,35.26481683371814,0.0013056808560814163
"('box2', 6, 900)",0.25562521776074754,0.005149602791646194,0.0011834890058429722,10,0.5,5.0,30,35.357654006153204,0.0010397601298306161
"('box2', 6, 950)",0.25378715956418374,0.005274748430633932,0.0009460780792772487,10,0.5,5.0,30,35.43455522128208,0.000823553176617608
"('box2', 6, 1000)",0.2519130543134338,0.005439684482916483,0.0007435624337372263,30,0.5,5.0,30,35.4787292643018,0.0006488983830353896
"('box2', 6, 1050)",0.2500121823855408,0.00564111393798125,0.0005908429943794216,30,0.5,5.0,30,35.48832218478123,0.0005086757166577712
"('box2', 6, 1100)",0.2480938798219919,0.00587758064427706,0.00047472827813076744,30,0.5,5.0,30,35.466194478529715,0.00039674839297002587
"('box2', 6, 1150)",0.24616911914915482,0.006163435225624192,0.0003701719628091325,20,0.5,5.0,30,35.41906384878801,0.00030790189276916406
"('box2', 6, 1200)",0.24424754032101922,0.006491382829557996,0.00029285047710066707,30,0.5,5.0,30,35.35128420733146,0.00023774980508182091
"('box2', 6, 1250)",0.24233892930705858,0.006776820338361319,0.00022716815625636668,30,0.5,5.0,30,35.269894487724734,0.000182644733531978
"('box2', 6, 1300)",0.24045808138983032,0.007121404360361472,0.00017983566949519004,30,0.5,5.0,30,35.17889900435844,0.0001395794032151229
"('box2', 6, 1350)",0.23860978099780547,0.007548307155654324,0.00013157055420787172,30,0.5,5.0,30,35.0837145423649,0.00010609561574662146
"('box2', 6, 1400)",0.23681439721918066,0.008024463770058738,0.00010203266935686448,15,0.5,5.0,30,34.987355986062866,8.01946383992457e-05
"('box2', 6, 1450)",0.2350707473918373,0.008472114763667396,7.929281062803254e-05,5,0.5,5.0,30,34.89287331844135,6.026540174631214e-05
"('box2', 6, 1500)",0.2333973761245747,0.008890218154198225,6.132017778687484e-05,10,0.5,5.0,30,34.80465878931484,4.501461064043232e-05
"('box2', 6, 1550)",0.23180134216999349,0.009360961881837899,4.788723519618516e-05,20,0.5,5.0,30,34.72312098504003,3.3409878413219894e-05
"('box2', 6, 1600)",0.23027228247274573,0.009831694369772359,3.4399066627360876e-05,30,0.5,5.0,30,34.650909395084675,2.4631769811822417e-05
"('box2', 6, 1650)",0.22885396744597233,0.010261568034360496,2.721218524038837e-05,30,0.5,50.0,30,34.58725816725182,1.8033076424023402e-05
"('box2', 6, 1700)",0.22751133967903872,0.0106439112704418,1.9931524278793755e-05,30,0.5,10.0,30,34.53243200629341,1.3105439951635548e-05
"('box2', 6, 1750)",0.22626833235237154,0.010913447703066754,1.3889785736494957e-05,30,0.5,5.0,30,34.48776532929784,9.451079333642074e-06
"('box2', 6, 1800)",0.2251043858407622,0.011258267562710107,1.0243117372870055e-05,30,0.5,5.0,30,34.451753530996456,6.760790409493369e-06
"('box2', 6, 1850)",0.224073346907518,0.011411777963240038,7.953080499124097e-06,30,0.5,10.0,30,34.42354881555312,4.795393838964284e-06
"('box2', 6, 1900)",0.22306231184758835,0.01143994778851352,5.794217995659329e-06,30,0.5,10.0,30,34.40307626797203,3.3714729985702903e-06
"('box2', 6, 1950)",0.22221565019663725,0.011318766292407367,3.9448973876942274e-06,30,0.5,5.0,30,34.38802279873825,2.3485700423975433e-06
"('box2', 7, 0)",0.6502436090677326,3.431630771258746,1.6245152790467805,30,0.5,5.0,30,8.760290923127757,3.3613196677134978
"('box2', 7, 10)",0.6966718975872818,1.344305046913703,1.043788101534173,30,0.5,5.0,30,22.821119862460787,1.610686883525966
"('box2', 7, 20)",0.7208922280982039,1.0914680210783678,0.8482172015045796,-30,0.5,5.0,-30,35.17078908875798,0.9890997507824298
"('box2', 7, 30)",0.7128512844672509,0.9789908121187277,0.7171086608058896,-30,0.5,5.0,-30,40.988391784974894,0.7239065123747416
"('box2', 7, 50)",0.6407416376258293,0.7711297432256276,0.5338085823081073,-30,0.5,5.0,-30,27.413338998834767,0.48233890053432243
"('box2', 7, 100)",0.3825529473834849,0.3604284365087181,0.2479947178081483,-30,0.5,5.0,-30,-32.488710840242796,0.25539296988058513
"('box2', 7, 150)",0.25439259848810514,0.1520712231705713,0.11240414341879659,-30,0.5,5.0,-30,-2.671302250149883,0.13899919539879163
"('box2', 7, 200)",0.22119517439212694,0.06384709677992886,0.050610082150793545,-30,0.5,20.0,-30,2.833751946585132,0.06940199301701373
"('box2', 7, 250)",0.26267841643860057,0.027553530971094215,0.02330451454689454,-30,0.5,5.0,-30,-1.5243824089561087,0.03198451219087081
"('box2', 7, 300)",0.26463203739974106,0.013786173314661854,0.01215541159716657,-30,0.5,5.0,-30,-1.523336406231428,0.015573549010326421
"('box2', 7, 350)",0.22843859295483362,0.009959730359158425,0.008033499790240258,-10,0.5,5.0,-30,0.9843844253445052,0.009178343234916661
"('box2', 7, 400)",0.1813800344003212,0.009560258233482999,0.005907277685045608,30,0.5,5.0,-30,-1.074226976045824,0.006266083125420906
"('box2', 7, 450)",0.15518160174283252,0.010624292558466444,0.004382598019375182,30,0.5,5.0,-30,-4.583724172083593,0.004438374352781991
"('box2', 7, 500)",0.16354556333723333,0.011797793694781232,0.0030580662560978065,30,0.5,5.0,30,-14.05596232679332,0.0030511055746957464
"('box2', 7, 550)",0.16403919424695906,0.0040761387182171715,0.002017673125238217,20,0.5,5.0,20,-30.873593153340366,0.0019721401557820763
"('box2', 7, 600)",0.16997497749933033,0.0029488658752065203,0.0012311457358371053,-20,0.5,5.0,-15,-5.5738123646904345,0.0011827303647440365
"('box2', 7, 650)",0.18178967646088576,0.0023666149854619117,0.0006961149085370242,-30,0.5,5.0,-15,3.3121745084717844,0.0006594560290955484
"('box2', 7, 700)",0.19534350593127528,0.0013526820973857813,0.00037220258948670237,-20,0.5,5.0,-15,7.68856044499905,0.0003499166233771931
"('box2', 7, 750)",0.20403220712168718,0.0006399164230650365,0.0002003007577013658,-20,0.5,5.0,-15,13.852668620203094,0.00018716020349411505
"('box2', 7, 800)",0.20675122117137368,0.00027372399804179983,0.00011727168714835445,-15,0.5,5.0,-10,27.272049499128066,0.00011109348448981979
"('box2', 7, 850)",0.17579972710596645,0.00013048707478601537,8.21700510473033e-05,-5,0.5,5.0,-5,-18.753388586771784,7.959496144303139e-05
"('box2', 7, 900)",0.19728523200815223,8.755627181305024e-05,6.871704659760663e-05,10,0.5,5.0,-5,-10.797781519217722,6.821778854627517e-05
"('box2', 7, 950)",0.20045250997063382,7.274445975313105e-05,6.434155987448977e-05,30,0.5,5.0,0,-3.792459899649022,6.477458395323646e-05
"('box2', 7, 1000)",0.19449508491063433,6.826605658315078e-05,6.338477965708996e-05,30,0.5,10.0,0,2.9563628776763142,6.394572932999119e-05
"('box2', 7, 1050)",0.20677329360325333,6.741641441370303e-05,6.31785628487939e-05,30,0.5,10.0,-5,-56.720537688992586,6.370381705889481e-05
"('box2', 7, 1100)",0.21574787259467196,6.73568632358219e-05,6.298678702680268e-05,30,0.5,10.0,-5,-52.144379541674745,6.340487096638078e-05
"('box2', 7, 1150)",0.219474427200265,6.758712496159995e-05,6.257166523427353e-05,30,0.5,20.0,-5,-53.00015441346428,6.291338560917239e-05
"('box2', 7, 1200)",0.22156974164404955,6.780719267289879e-05,6.196278273750726e-05,30,0.5,50.0,-5,-54.55590238346543,6.224984684842123e-05
"('box2', 7, 1250)",0.22288598091339745,6.802891949895664e-05,6.123496250862212e-05,30,0.5,5.0,-5,-68.32191941769095,6.14630083119107e-05
"('box2', 7, 1300)",0.22368651116162377,6.830143639491368e-05,6.036303088016548e-05,30,0.5,5.0,-5,-71.52973714047538,6.059490259650611e-05
"('box2', 7, 1350)",0.22416468794009572,6.868697513563881e-05,5.940363596524814e-05,30,0.5,5.0,-5,-69.30664337748831,5.967273333730203e-05
"('box2', 7, 1400)",0.2244577173688353,6.924314675262496e-05,5.8574180533172774e-05,30,0.5,5.0,-5,-68.14478129795594,5.871447762935695e-05
"('box2', 7, 1450)",0.22464282633186067,7.001149705768965e-05,5.768140141167745e-05,30,0.5,20.0,-5,-67.56796272957291,5.772982731113575e-05
"('box2', 7, 1500)",0.2247549983126524,7.103394774103414e-05,5.677845146197565e-05,20,0.5,5.0,-5,-67.29326354971874,5.6724533679454545e-05
"('box2', 7, 1550)",0.22485156529356007,7.236350048250349e-05,5.578261547564944e-05,30,0.5,5.0,-10,-67.1708498674387,5.5702247883330795e-05
"('box2', 7, 1600)",0.22492405484518638,7.402521590262705e-05,5.478963764037088e-05,30,0.5,10.0,-10,-67.11711114397514,5.466508221422179e-05
"('box2', 7, 1650)",0.22499117578292765,7.608054936454435e-05,5.373646124827284e-05,30,0.5,5.0,-10,-67.09717391752174,5.361433234158309e-05
"('box2', 7, 1700)",0.22506965722368746,7.862184779476372e-05,5.272802361847726e-05,30,0.5,5.0,-10,-67.09623539105485,5.255152386990955e-05
"('box2', 7, 1750)",0.22512071072155185,8.16875932743864e-05,5.184248301375609e-05,20,0.5,5.0,-10,-67.09467443996705,5.147754687786288e-05
"('box2', 7, 1800)",0.22519363172208492,8.53374675431429e-05,5.0593503557207456e-05,30,0.5,5.0,-10,-67.09994271545769,5.039303220580504e-05
"('box2', 7, 1850)",0.22524502449446612,8.962566852598511e-05,4.99070422470694e-05,20,0.5,5.0,-10,-67.10558943609807,4.929974652052706e-05
"('box2', 7, 1900)",0.225305529966328,9.485407981302342e-05,4.860741922025736e-05,30,0.5,5.0,-10,-67.11280716908045,4.81981934820415e-05
"('box2', 7, 1950)",0.22535921261960926,0.000101021396987656,4.807196620486578e-05,30,0.5,5.0,-10,-67.11773207111094,4.708899198462904e-05
"('grid3', 0, 0)",0.46537018141130954,560.2213463143177,4.47136911404253,-30,0.5,5.0,-30,-130.82579630233178,4.793828488100196
"('grid3', 0, 10)",0.6903178159942936,1.7813851724841987,1.511189082683241,30,0.75,inf,20,-141.79235177529918,3.6360256948239362
"('grid3', 0, 50)",0.4929734863974619,0.9989346953018197,0.9838791080368144,-10,0.5,5.0,15,29.929315448329294,1.3199132481126834
"('grid3', 0, 70)",0.6044665678174255,1.0092958440547133,0.9627868567643503,-30,0.5,5.0,10,25.247961717614416,1.0766197168363902
"('grid3', 0, 100)",0.26398463250381143,0.8639173516577463,0.8135344112907132,-30,0.75,5.0,-10,60.0544631286716,0.9319685746991455
"('grid3', 0, 150)",0.25873007513525653,1.2004266904914316,1.0554072189974946,-30,1.25,inf,5,65.15005664080053,1.15976050686516
"('grid3', 0, 200)",0.2602364715713151,1.2907566703243856,1.1598285464357487,30,1.0,50.0,30,2.134133294182735,1.2089709103509203
"('grid3', 0, 250)",0.2143044818338826,1.1993872910357193,1.1336452546453866,30,1.0,5.0,20,-17.674039207803283,1.1345672082088059
"('grid3', 0, 300)",0.18744349724264184,1.1225548719274916,1.1107933262741745,15,1.25,5.0,30,-32.553885210804545,1.12281944558969
"('grid3', 0, 350)",0.18764940904848243,1.1284824879192912,1.1177505563914427,30,1.5,5.0,30,-27.69861316730358,1.1241297711377976
"('grid3', 0, 400)",0.1895207801200922,1.1399399869455387,1.1316870206570808,30,1.0,10.0,30,-13.141754100649809,1.1359000986475896
"('grid3', 0, 450)",0.19217138309503973,1.1501964670999252,1.1440304558192151,10,1.0,5.0,30,12.477810870346605,1.1460383427432443
"('grid3', 0, 500)",0.19364467690905168,1.1575399588845983,1.152873105701636,20,0.5,5.0,30,39.39700748636089,1.1536784825760553
"('grid3', 0, 550)",0.1934468352174884,1.1626506840015978,1.158543403443706,30,0.5,5.0,30,53.93341248555407,1.1592935288963213
"('grid3', 0, 600)",0.19187066151512258,1.1659401398119167,1.1626596541312755,30,0.5,5.0,30,59.57017152733444,1.163534890075142
"('grid3', 0, 650)",0.18926249851102295,1.1684914289503714,1.1658808421447504,-5,1.5,20.0,30,63.935462266033106,1.1670207223030797
"('grid3', 0, 700)",0.1858745707827967,1.1713780378922494,1.161511458835038,-20,1.25,10.0,30,71.1376520746826,1.170099026719317
"('grid3', 0, 750)",0.18721365984140848,1.173313649582779,1.1590629728583417,0,1.5,5.0,30,83.03606660311112,1.1723193794696771
"('grid3', 0, 800)",0.21366426618540182,1.171127621789676,1.1489817664115811,20,1.5,10.0,30,78.5488087948129,1.1716264822793778
"('grid3', 0, 850)",0.23024676169342811,1.1642518794085914,1.1111923934325936,30,1.25,5.0,30,41.30304188517342,1.1636188789608553
"('grid3', 0, 900)",0.19112453183818282,1.1906895121373728,1.1086337084400986,-30,1.5,50.0,30,-49.49510954285814,1.1901885765497755
"('grid3', 0, 950)",0.21660017642596116,1.1765211773557713,1.1095119425578477,20,1.5,20.0,30,-55.58630982720058,1.1173201760028717
"('grid3', 0, 1000)",0.2487187882715924,1.126389678854987,0.9912095444205755,30,1.5,20.0,20,-9.34015815614159,1.1273256397820686
"('grid3', 0, 1050)",0.29667710378169687,1.0776784190914097,0.9897282944549445,30,1.5,50.0,30,67.78818349440452,1.1319751130112987
"('grid3', 0, 1100)",0.2938889874491209,9675031.088761017,1.080732947690445,15,0.5,10.0,30,9.844805067378285,1.0467630458374408
"('grid3', 0, 1150)",0.3074756327432693,8275141.504578314,1.1306636606466398,20,0.5,10.0,30,14.628417136665362,1.0901311934204405
"('grid3', 0, 1200)",0.28961499588129375,78750605.25540303,1.0926301277874098,30,0.5,10.0,-20,34.529833901686736,1.0454441508199566
"('grid3', 0, 1250)",0.3381655720506729,1692645.9943566353,1.0253517108399315,15,0.5,5.0,-5,149.38355774544698,0.9421457181129914
"('grid3', 0, 1300)",0.2781396867964607,3173243616.2461767,1.0522803343961418,20,0.75,5.0,30,-113.7301443631195,1.0519853046461565
"('grid3', 0, 1350)",0.25557874993262736,1827594244.5414412,0.8900041956705771,30,1.25,5.0,30,-139.7746420579734,0.9436653284662558
"('grid3', 0, 1400)",0.22820055165038786,35630.304356808876,1.0941694210854997,30,0.5,5.0,30,-108.14414610989,0.9399741702750215
"('grid3', 0, 1450)",0.4030895302371597,213281887.0263789,0.9681024213968327,15,1.25,10.0,15,-33.81201535928521,0.8193032719731159
"('grid3', 0, 1500)",0.2837458649680609,9798349339.465673,1.0506588689641547,-30,0.75,5.0,-30,58.30772175540149,0.6900572981126912
"('grid3', 0, 1550)",0.5958503371014279,10680893238.811655,1.0032829465922442,-30,0.75,5.0,-30,12.732872501180488,0.20358993181654964
"('grid3', 0, 1560)",0.6071220429015395,6092098716.150813,1.0309999998384376,-30,0.5,5.0,-30,33.76924141325185,0.17212058727128016
"('grid3', 0, 1600)",0.45618975762501923,111345284379.97829,4.5750047498476425,30,0.5,5.0,30,98.28509292454,0.10282231783680584
"('grid3', 0, 1650)",0.3088973411209674,3057206908.713981,0.8449826623904658,-30,1.25,10.0,-30,124.2513293519989,0.06670807135083673
"('grid3', 0, 1700)",0.21847965158638172,1902327820.230081,0.7964165443497173,-30,0.75,5.0,-30,129.29742232589365,0.04618375374342626
"('grid3', 0, 1750)",0.14822384556904178,830047027.847453,0.827477778801111,-30,0.5,10.0,30,32.024153284177984,0.03315610572393009
"('grid3', 0, 1800)",0.1012471688943666,219169310.478489,0.8922280646009699,-30,0.5,50.0,30,39.17997827978151,0.024452693296895665
"('grid3', 0, 1850)",0.1037541891813575,641868977.2070899,0.9487381539119071,-30,0.5,20.0,30,45.59914931767063,0.01840325041748516
"('grid3', 0, 1900)",0.10545265691951566,1508865222.9038973,0.8009872395266249,-30,0.5,50.0,-30,51.40018674795983,0.01406248845074292
"('grid3', 0, 1950)",0.10663224719671205,1378062244.3237882,0.9852515427234135,-30,0.5,5.0,-30,56.63901768316014,0.01086778549895752
"('grid3', 1, 0)",0.19210954214465517,1.751440034290154,1.700458810938096,-30,1.5,50.0,-20,41.459272157898475,3.7507541235867876
"('grid3', 1, 30)",0.604381929973618,1.4530088172442264,0.9216917238328654,5,1.5,50.0,30,91.85560672919613,1.7357863645763292
"('grid3', 1, 40)",0.535792903931129,1.0694157878547519,1.0112773896601195,-30,0.5,20.0,-30,13.091683245486674,1.396442418604193
"('grid3', 1, 50)",0.35214799509477274,0.9493061749990614,0.8921431264697142,30,0.75,20.0,5,-27.199728556947953,1.2006133406390347
"('grid3', 1, 80)",0.5466615705465968,2.9158683415185758,0.6952227557176254,15,0.5,10.0,10,23.194688605085105,0.5378098528287167
"('grid3', 1, 100)",0.3298060927498328,1.8472929433512562,0.41350047587614336,-10,0.5,10.0,-5,-46.5547128406198,0.4709362797547741
"('grid3', 1, 150)",0.28274404706161,34169.15804841838,0.6008974895407446,-30,0.5,20.0,-30,73.02973381872879,0.04445212117924992
"('grid3', 1, 200)",0.22648461449376714,17469.19053520558,0.7965574496696697,30,0.75,50.0,30,50.88595729943875,0.05133813804477713
"('grid3', 1, 250)",0.22585832535880193,26216.82955888599,0.48948291998340576,30,0.5,5.0,30,63.79821769080233,0.051721465310911416
"('grid3', 1, 300)",0.2214820609031134,35685.5162717488,0.5211850843342243,-20,0.5,5.0,30,59.65572397445449,0.051616910621349474
"('grid3', 1, 350)",0.22029778188325447,32953.81861956891,0.48986338171561106,-30,0.5,inf,-30,-49.68582365082231,0.05157175306375516
"('grid3', 1, 400)",0.219976153345359,31275.231980281074,0.48145963063096087,-30,0.5,inf,-30,-91.98879769903601,0.051554108565417756
"('grid3', 1, 450)",0.21985755534711668,17223.54182107457,0.4525419865763936,-30,0.5,5.0,-30,-91.47990581258718,0.05154344105892504
"('grid3', 1, 500)",0.21980519238653706,24221.092606000788,0.5656266106932097,-30,0.5,inf,-30,-91.19942982432569,0.051534762101419856
"('grid3', 1, 550)",0.21973864234517806,18001.88934915878,0.6110007797799616,-30,0.5,inf,-30,-90.97287636516909,0.05152637285739275
"('grid3', 1, 600)",0.21966110844219716,30306.4726918945,0.5852833992134041,30,0.75,5.0,-30,-90.76662820465508,0.05151774061402551
"('grid3', 1, 650)",0.21958474096467728,106509.86255787719,0.6215869754391161,30,0.75,10.0,-30,-90.52781532610125,0.05150882650812755
"('grid3', 1, 700)",0.21950705451233898,182016.27996927509,0.7443652401133638,-30,0.5,50.0,-30,-90.35758463121824,0.05149961589712978
"('grid3', 1, 750)",0.21939978463598042,227690.460458385,0.7843263100804141,30,0.5,5.0,-30,-90.16593763609731,0.051490020764903735
"('grid3', 1, 800)",0.2193411587780479,807109.4154169614,0.7156277270844262,30,0.5,50.0,-30,-89.83951900518746,0.051480313403915665
"('grid3', 1, 850)",0.22324407184506015,43802.05055389819,0.635302646433997,30,0.5,5.0,-20,85.00519789076463,0.05149322308095022
"('grid3', 1, 900)",0.2195214255553802,115645.34811228202,0.5305178293431734,15,0.75,5.0,30,-87.57115788646814,0.05146191291967368
"('grid3', 1, 950)",0.21894272706499784,2073411.7800024482,0.7271053420262178,30,0.5,10.0,-30,-89.26385439577889,0.051448576151947006
"('grid3', 1, 1000)",0.21882865595977607,9863216.641379008,0.7656786543877236,-30,1.5,10.0,-30,-88.9707583370726,0.05143757240726601
"('grid3', 1, 1050)",0.22196180749524907,889535.6109632163,0.53124714714488,30,0.5,5.0,30,83.56187552246809,0.05144763557432285
"('grid3', 1, 1100)",0.2189328549855945,687861.2237673408,0.5461052508618736,30,0.5,20.0,-30,-86.20002637900862,0.051417109236728264
"('grid3', 1, 1150)",0.21828852411251354,257197.15547776438,0.7953322387295955,-30,0.5,50.0,-30,-88.51592847148422,0.05140249734270165
"('grid3', 1, 1200)",0.21814374432572636,18845440.701329116,0.7713761616008707,-30,0.5,10.0,-30,-88.17713225677046,0.05139064965513716
"('grid3', 1, 1250)",0.22184845524899438,2930686.665616617,0.6678344711079537,30,0.5,10.0,-20,78.59512033268703,0.051400104327361876
"('grid3', 1, 1300)",0.2169793525578555,56120834.796356514,0.5972398236040827,30,0.75,5.0,-20,-81.92037585386056,0.05136123239887511
"('grid3', 1, 1350)",0.21759905090960402,212621716.0797167,0.7582958438992857,-30,0.75,5.0,-30,-87.02684514824392,0.05135388216672797
"('grid3', 1, 1400)",0.2172916488213403,362449773.1155878,0.8294935319457128,-30,0.5,20.0,-30,-85.89225318291436,0.051340614554175934
"('grid3', 1, 1450)",0.20909084804414976,5894007.826460283,0.7575853409656351,30,0.5,20.0,-15,-63.41904956064775,0.05127609157976082
"('grid3', 1, 1500)",0.21691017967794735,350530298.6118799,0.7828054571407621,-30,0.5,50.0,-30,-85.48043166963849,0.05131504424232703
"('grid3', 1, 1550)",0.2165740850258775,166423241.73261595,0.9971837968395879,30,0.5,5.0,-30,-84.53506363957136,0.05130174829587508
"('grid3', 1, 1600)",0.2162153015390705,228590823.3159293,0.8305366094264918,15,0.5,50.0,-30,-83.58366831176063,0.0512878840965331
"('grid3', 1, 1650)",0.2251030710564453,1843368.2803894936,0.45127232368393816,30,0.5,5.0,-20,80.43411651540896,0.05132849533570446
"('grid3', 1, 1700)",0.21542956583017203,732783632.5752964,0.7967627085453046,-30,1.0,5.0,-30,-81.61373379234576,0.05125913817405783
"('grid3', 1, 1750)",0.21515593232759922,282271136.5338785,0.7725347834507763,-30,0.5,20.0,-30,-81.67240786902212,0.051246342126238985
"('grid3', 1, 1800)",0.21485876107629673,277802802.91660005,1.0296474349105036,-30,1.0,20.0,-30,-81.67780814939732,0.05123276258465631
"('grid3', 1, 1850)",0.21463041236640718,482391778.9831718,0.6841358953196788,-30,1.5,5.0,-30,-82.19928993974118,0.05121966599431857
"('grid3', 1, 1900)",0.212302600696482,205174059.0790886,0.8654125671329009,-30,1.0,20.0,-20,-66.1018150481964,0.051192801037211924
"('grid3', 1, 1950)",0.21324921320748103,668039199.5278405,0.7219907382944414,20,0.5,5.0,-30,-78.23156839211627,0.051187492650605036
"('grid3', 2, 0)",0.5147831649085374,179643.15523347983,153.22542422750848,30,0.5,5.0,30,-92.4972185874108,31.114464326922803
"('grid3', 2, 50)",0.3055653055422875,1.0592538535549418,1.0484108041469264,30,1.5,50.0,30,-141.76514373236725,1.283367407811336
"('grid3', 2, 100)",0.30284081049576234,0.9482021296749581,0.9412924509539933,30,1.5,50.0,30,-154.65477410791706,0.9737373579479597
"('grid3', 2, 150)",0.3252310206157163,0.9261133481036812,0.9105252362251124,30,0.75,5.0,30,-127.88989190582028,0.9142698846698878
"('grid3', 2, 200)",0.3223693528836289,0.9027606951886344,0.8833581027628911,30,0.5,10.0,30,-102.0227445560804,0.8764169642621195
"('grid3', 2, 250)",0.30948937302161855,0.868336044629839,0.8522190691147433,-20,0.5,5.0,-30,-81.24681710060783,0.8453831120177271
"('grid3', 2, 300)",0.2988600612649731,0.8354554726574599,0.8193362431061659,-30,0.5,5.0,-30,-65.52790930706888,0.815610867302919
"('grid3', 2, 350)",0.2864473001418915,0.8042023727585219,0.7856562546205741,-30,0.5,5.0,-30,-54.66063433707233,0.7839118083545131
"('grid3', 2, 400)",0.26723677436620435,0.7735478714200255,0.7517951499994548,-30,0.5,5.0,-30,-56.45803934338579,0.7509028439544314
"('grid3', 2, 450)",0.23078182409348463,0.7447557920377559,0.7203331928517821,-30,0.5,5.0,-30,-111.0141557866828,0.7201761502712323
"('grid3', 2, 500)",0.17100712913881147,0.7168189226905742,0.670946625086387,-30,1.25,5.0,-30,-1.5376978052024632,0.6996415240351601
"('grid3', 2, 550)",0.2331351687757454,0.7609413429882796,0.6992968362714229,30,0.75,5.0,30,-16.69691271264107,0.6979721943921287
"('grid3', 2, 600)",0.2938961829213415,0.726966820412786,0.7058221385787073,30,1.5,20.0,30,15.46358257706999,0.7110120136870172
"('grid3', 2, 650)",0.3267337782570287,0.7354945020628213,0.7215555802121194,30,1.5,10.0,30,19.89090762480239,0.7277441421014141
"('grid3', 2, 700)",0.34398675137438955,0.7484411233185145,0.737943439914509,30,1.5,10.0,30,19.41747196529159,0.7445939126220432
"('grid3', 2, 750)",0.34786936934320306,0.7608550387216432,0.7531312057143172,30,1.5,10.0,30,18.92611782247916,0.7605796209582243
"('grid3', 2, 800)",0.3416940106757967,0.7724247523261831,0.766381592614618,15,1.5,50.0,20,19.206027721219236,0.7745296067471696
"('grid3', 2, 850)",0.33052349246337787,0.7823567844214945,0.7778200803211233,20,1.5,5.0,20,20.98658869394834,0.78526096176489
"('grid3', 2, 900)",0.31820321356651804,0.789474563898062,0.785927243879112,30,1.5,inf,20,24.687131792439953,0.7922432864875399
"('grid3', 2, 950)",0.30636232680755693,0.7932769099712035,0.7903728209277481,5,1.5,5.0,15,30.194376064169962,0.7955943270917725
"('grid3', 2, 1000)",0.2952676332482369,0.7940235009227492,0.7916320969449012,10,1.25,5.0,10,37.11572707131318,0.7956240446514938
"('grid3', 2, 1050)",0.2846955504780908,0.7921347541527672,0.79086697462283,0,1.5,10.0,5,44.99663440871402,0.7925909069516053
"('grid3', 2, 1100)",0.27454540574251235,0.7879659990905354,0.7861093992042969,15,1.5,5.0,5,53.44269754898454,0.7866576386409951
"('grid3', 2, 1150)",0.2656371302094001,0.7818212526254138,0.7790714469160489,-15,0.5,10.0,5,53.750082255490426,0.7778760450788569
"('grid3', 2, 1200)",0.26088510976950885,0.77400526089707,0.768970582122824,-20,0.5,10.0,10,44.210625236522716,0.7661393524115383
"('grid3', 2, 1250)",0.26576328469572214,0.7651189414887352,0.7556666940230582,30,0.5,5.0,30,86.13712850273545,0.7510947820117329
"('grid3', 2, 1300)",0.2864948197797123,0.7573070290060371,0.7365802869445601,30,0.5,5.0,30,105.53630234414267,0.732017470187422
"('grid3', 2, 1350)",0.33082167205240237,0.7533567369553784,0.7104511092919481,30,0.5,5.0,30,93.10778650472167,0.7075265393425834
"('grid3', 2, 1400)",0.3943997009258922,0.7622131240938679,0.6731494929380542,30,0.5,5.0,30,82.72454468351235,0.6743975804689492
"('grid3', 2, 1450)",0.333250982505006,0.829275799433111,0.6060136951865034,30,0.75,50.0,30,72.97862246007404,0.6216321591661362
"('grid3', 2, 1500)",0.19948939388463408,0.7115331860518588,0.4259537086450247,-30,0.5,inf,30,77.72804108174118,0.48193757448700814
"('grid3', 2, 1550)",0.3607298226544401,1.4804749741400207,0.1480146391944099,-30,0.75,10.0,-20,36.36332995752933,0.1592010105076484
"('grid3', 2, 1600)",0.4464281669346674,0.7575561061067975,0.05662188939310752,-30,0.75,5.0,-30,43.26145684562974,0.06651216597578728
"('grid3', 2, 1650)",0.4591862846604299,0.36085743767614353,0.03821080548358871,-30,0.5,10.0,-30,71.30846438330633,0.04150545906175382
"('grid3', 2, 1700)",0.47903068753595107,0.18198072072822244,0.03406984057450018,-20,0.5,5.0,-30,-18.462250372971983,0.03431477266992708
"('grid3', 2, 1750)",0.48903903111861713,0.08807082704776277,0.032988952139079396,0,0.5,10.0,-30,-6.674975748478045,0.03214136071819691
"('grid3', 2, 1800)",0.49147701192679916,0.05091799935570704,0.032721091374749656,30,0.5,5.0,-15,2.3245824391092715,0.03165160921897373
"('grid3', 2, 1810)",0.4914987252114466,0.047446592495706964,0.03274746350988583,10,0.5,5.0,-10,3.8088206878389514,0.0316457843786439
"('grid3', 2, 1850)",0.49069605055715676,0.04053921648543428,0.03294378346131038,30,0.5,5.0,-5,8.922166569983357,0.03178157731322714
"('grid3', 2, 1900)",0.48833684329463095,0.040352724313835776,0.0329089919594279,-30,0.75,20.0,5,14.075413265530765,0.03214479883735438
"('grid3', 2, 1950)",0.4851097255693756,0.04424841033664526,0.029529492271426584,-30,1.0,5.0,10,19.003463379711377,0.032586117898355575
"('grid3', 3, 0)",0.14138109237840824,1.7013491030118655,0.984176757401377,30,0.5,10.0,30,-41.113495640062496,1.063224597164929
"('grid3', 3, 50)",0.09847577955132097,0.9670615045445587,0.9558961725064905,15,1.5,inf,15,1.8492787631236467,0.9641244285080479
"('grid3', 3, 100)",0.6014053456054649,6.591679308144716,0.6550485426168686,5,0.5,5.0,10,-170.0294181610459,0.3466589266875427
"('grid3', 3, 150)",0.23592216079630804,2.492881208872915,0.485729143933678,-10,0.5,5.0,-5,105.8327379175863,0.31571721556456034
"('grid3', 3, 200)",0.10254349487468219,1091.5156668091056,0.5076141429812857,-15,0.5,5.0,-10,53.46705789170883,0.3125493797894439
"('grid3', 3, 250)",0.1885600854627063,51771437.29198686,0.6676169585403141,-20,0.5,20.0,-20,19.610232352185264,0.31152095774426136
"('grid3', 3, 300)",0.21904411353451655,3941912685.2228813,0.4239759510880824,0,0.5,50.0,20,85.30278800738674,0.31137671636197173
"('grid3', 3, 350)",0.29181786376328894,16239096.169383489,0.7553462663171514,-5,0.75,5.0,30,51.0691330862178,0.31704986924563844
"('grid3', 3, 400)",0.2428626426456743,55543586.28126966,0.6638706700552889,15,0.5,50.0,20,93.13552923650953,0.31406148251597493
"('grid3', 3, 450)",0.2820067602433807,43986840.65555274,0.6016169515249576,-20,0.75,5.0,20,-4.858882729415698,0.30114760495049386
"('grid3', 3, 500)",0.22108905641426346,242562644.48329097,0.737372594064001,-30,0.5,inf,30,33.633641647806535,0.29628747876861006
"('grid3', 3, 550)",0.28375427292215727,377155239.08584964,1.000540791173315,30,0.5,50.0,30,15.295928708037623,0.2560598186331541
"('grid3', 3, 600)",0.302194146542865,63974444736.017044,0.5257077342021258,-30,0.5,20.0,30,-17.682098398751783,0.020809043401419664
"('grid3', 3, 650)",0.343908175754933,477598053492.1766,0.9140483287441296,30,0.5,20.0,-30,-84.41742249305398,0.011306262282751507
"('grid3', 3, 700)",0.34282950194641343,2269305098343.6587,0.8309123641746566,20,0.5,5.0,-30,-104.02638593219764,0.008166824075958479
"('grid3', 3, 750)",0.34022932140191486,12744182341233.293,0.5486601448240829,-20,0.5,5.0,-30,-10.444029331673727,0.006319263376004254
"('grid3', 3, 800)",0.31480426525720595,843126384524.8524,0.6709504496054572,-30,0.5,5.0,-30,2.2426093020367435,0.005087078677130458
"('grid3', 3, 850)",0.3035004673013857,1273781315104.2986,0.625682648441405,-30,0.5,10.0,-30,16.99628971470124,0.003922151096314424
"('grid3', 3, 900)",0.2860188351462119,2387567972952.569,0.5985830799781775,-30,0.5,20.0,-30,28.2561617432576,0.0029793881929495026
"('grid3', 3, 950)",0.3882271680411718,31579569898965.28,0.6055738489562006,-30,0.5,10.0,-30,90.52939955665474,0.002101425653087347
"('grid3', 3, 1000)",0.2353044130049126,5044248478103.415,0.5208433585766747,-30,0.5,50.0,-30,34.05320881168013,0.001604862426100976
"('grid3', 3, 1050)",0.22836286889161642,7981310251564.968,0.5997077570571192,-30,0.5,5.0,-30,41.779341664674824,0.0011250263899792979
"('grid3', 3, 1100)",0.21033896743796723,101022373339111.39,0.6476423949639802,-30,0.5,20.0,-30,42.179586296635236,0.000775195297424224
"('grid3', 3, 1150)",0.11952579541073305,47368155505142.23,0.618918634619912,-30,0.5,10.0,-30,-9.634797628108785,0.0005301721689013085
"('grid3', 3, 1200)",0.20460974760636103,107914323554716.58,0.6945164872977814,-30,0.5,50.0,-30,50.90606341905754,0.0003581674700344849
"('grid3', 3, 1250)",0.1114136818697044,256917502989111.53,0.6341270254979344,30,0.5,20.0,-30,-9.53309950141687,0.0002330959235560752
"('grid3', 3, 1300)",0.15250551927342454,340887181106804.75,0.7822569662821368,-30,0.5,20.0,-30,3.1695559797385244,0.0001646900745980627
"('grid3', 3, 1350)",0.46198470020278853,108430233892242.05,5.269637754542524,-30,0.5,5.0,30,-36.31586298647555,0.00018790222538499026
"('grid3', 3, 1400)",0.2900004196126593,500261161098852.56,0.8236008467907576,-30,0.5,20.0,-30,77.0405107632961,5.8220500584103115e-05
"('grid3', 3, 1450)",0.35353476870455797,1313014555297642.0,0.8759377719428028,30,0.5,inf,-30,60.72018085635288,3.901840125379717e-05
"('grid3', 3, 1500)",0.31204109425709164,4279330389888604.5,1.0071413506365505,30,0.5,50.0,30,-73.50539926973852,2.485069766065483e-05
"('grid3', 3, 1550)",0.12470137057299163,30541856757191.86,0.6232005984352837,-30,0.5,5.0,-30,39.85231829035031,1.2171226163321253e-05
"('grid3', 3, 1600)",0.5184047698887569,3030625106028929.0,0.8159222528904104,30,0.5,5.0,-30,25.15083808594596,1.157704708160481e-05
"('grid3', 3, 1610)",0.8110595665407228,8.088519209960222e+16,1.322533061903712,-30,1.0,10.0,-30,-2.3398871507441377,0.00020818512576097601
"('grid3', 3, 1650)",0.5051680358108787,1858482358052598.2,2.371395378170049,20,0.5,10.0,30,-123.59999653964124,9.225842883315443e-06
"('grid3', 3, 1700)",0.08092240199131644,120280062704764.39,0.7498275192884614,-20,0.5,5.0,-30,-43.3942398294996,2.122716651266483e-06
"('grid3', 3, 1750)",0.30529119492105095,5986455824287828.0,0.8641930888623583,-20,0.5,inf,-30,58.84433573127718,1.3161619419619814e-06
"('grid3', 3, 1770)",0.8638416489070582,4.906026358416819e+16,0.8109801720323485,-30,0.5,50.0,-30,1.4677970084260035,0.00027966028496728614
"('grid3', 3, 1800)",0.6464975805443752,3198464724578110.5,0.824190029803735,-20,0.5,20.0,-30,-11.29088180835663,5.221491229306835e-06
"('grid3', 3, 1850)",0.3009827370413314,41502789689403.3,1.3888972824554209,10,0.5,10.0,15,-22.365234517420898,3.3893948279856627e-07
"('grid3', 3, 1900)",0.1257628319492813,64679322198311.27,0.8883757505362471,-20,0.5,inf,-30,-5.601588970754068,1.8570735149591448e-07
"('grid3', 3, 1950)",0.7699164329353361,2.304052764576969e+16,0.8758782169112274,-15,0.5,10.0,-30,-2.05346994040725,5.038135815008665e-06
"('grid3', 3, 1960)",0.9247091295646118,8478807675064580.0,0.9656546646610825,-20,0.5,10.0,-30,-4.586650802550996,0.00040340241658767015
"('grid3', 4, 0)",0.22866721453808017,1.10039174758166,0.935073513477393,20,1.25,5.0,15,-58.31824477133989,1.309545673098587
"('grid3', 4, 50)",0.10935939774576724,1.099891129157586,0.9508785259124977,-20,1.5,50.0,-15,103.63646534491453,1.1355057741873442
"('grid3', 4, 100)",0.28436282683296443,1604067.5542066342,0.7995354515244378,-30,0.5,10.0,-30,23.51821864210627,0.399287886514048
"('grid3', 4, 150)",0.5284186217451766,28278.18353776816,0.6431436312848589,-30,0.5,5.0,-30,83.49525046329043,0.3086008329005926
"('grid3', 4, 200)",0.09427206971584873,144362.6497349252,0.19990944399314603,-30,0.5,5.0,-30,133.0759220339341,0.003722085490051518
"('grid3', 4, 250)",0.2294698154106331,164.82824763724807,0.26498889221697025,0,0.5,20.0,20,144.11077181500718,0.0002821287041631261
"('grid3', 4, 300)",0.279133907033708,1.4510606276602642,0.08183916843103767,30,0.5,20.0,-5,162.43586150845056,3.606205557612263e-05
"('grid3', 4, 350)",0.2316851572011904,0.9982589426830701,0.0002242361229611102,5,0.5,50.0,5,174.67379748078233,4.017236992879158e-06
"('grid3', 4, 400)",0.2866245329032129,0.43415071036318903,5.837603837885962e-06,-10,0.5,5.0,5,171.89997310367326,3.651141919332984e-07
"('grid3', 4, 450)",0.28362279747107877,0.30336918915167044,0.00025896728257309164,0,0.5,5.0,5,171.3755237632567,2.517219996399644e-08
"('grid3', 4, 500)",0.28087207969468503,0.26557843700364714,2.083536903530922e-08,10,0.5,10.0,5,170.66327006662547,1.2924082966143307e-09
"('grid3', 4, 550)",0.22278883663933716,0.21227855904405765,5.340990895561454e-06,10,0.5,inf,5,-163.82809713991284,4.781801676735285e-11
"('grid3', 4, 600)",0.6496976965621977,1.0897506179078937,0.0004046267976403227,30,0.5,5.0,30,-87.19563590456681,1.6953473438978461e-12
"('grid3', 4, 650)",0.5178261343045298,0.9384340026215453,9.735083207580006e-05,20,0.5,5.0,30,35.291721539658205,3.2471727055356483e-13
"('grid3', 4, 700)",0.21846584143159606,1492.997421504644,8.472267822542812e-05,20,0.5,5.0,-10,-92.19854377068891,1.6593423322222908e-13
"('grid3', 4, 750)",0.38007583282364743,7.668789769846149,0.01105879321418564,-20,0.5,5.0,-30,-3.7920819913569894,5.253900464192788e-13
"('grid3', 4, 800)",0.5388636506974341,93.45772140884323,0.008515383489722165,30,0.5,50.0,30,9.7968229271721,1.8605472974423887e-13
"('grid3', 4, 850)",0.4676291167514843,15.540213960228673,0.011040725878284075,30,0.5,5.0,30,-17.955869117074773,1.8560406343139114e-13
"('grid3', 4, 900)",0.824524020391875,3.7858727038492033,0.04774909265006165,-20,0.5,10.0,0,-33.704903371956114,9.17606209488748e-13
"('grid3', 4, 950)",0.19675687678252152,183.94611867627393,0.0008912262442702202,-20,0.5,5.0,-15,21.960756357927508,1.6254987850688186e-13
"('grid3', 4, 1000)",0.3241598476476621,4138.288080643468,0.007424596341625552,20,0.5,5.0,-30,-17.92196368639663,2.812686985451205e-13
"('grid3', 4, 1050)",0.7315295041341234,56346.971633583526,0.020707045369778784,0,0.5,5.0,-15,-5.824813317108978,2.9487313710920126e-13
"('grid3', 4, 1100)",0.3640708640714118,33666.51993735248,0.00042841874956822483,15,0.5,5.0,-30,-12.42331773992231,3.3008715321473015e-13
"('grid3', 4, 1150)",0.7222576522196061,42685.44403458657,0.010862826272715988,-30,0.5,5.0,-15,-44.83974722592951,1.8773146528454196e-13
"('grid3', 4, 1200)",0.7089454447904261,518681.33484983636,0.027180962955480503,-30,0.5,5.0,15,-27.434745480597773,2.4220943321227927e-13
"('grid3', 4, 1250)",0.7392848913458345,111896.9526031836,0.1205658781757018,-30,0.5,10.0,-10,-47.096147716126396,4.85733900189056e-13
"('grid3', 4, 1300)",0.4679116124186823,2.1626512384787873,0.08127050220116418,15,0.5,5.0,0,-23.354666921778485,2.763444591007319e-13
"('grid3', 4, 1350)",0.34531180834877595,804.3436173430403,0.13853400950739544,30,0.5,5.0,-30,26.584968325829966,4.3672675725089687e-13
"('grid3', 4, 1400)",0.6514854070419039,211.40041229065855,0.0784335283969847,-30,0.5,5.0,30,-47.58399269607284,7.381234138244732e-13
"('grid3', 4, 1450)",0.4876855301627813,7424861.798777506,0.12855016525576593,-30,0.5,10.0,-15,-101.63272855159626,7.120683053920559e-13
"('grid3', 4, 1500)",0.41079890276752346,4749.710672714699,0.10179953070719931,-30,0.5,5.0,-30,-26.62821202109191,1.737216054303956e-13
"('grid3', 4, 1550)",0.7036161114335925,9701.36589787477,0.4158012502883481,-15,0.5,5.0,-20,-30.781990626775475,9.018914645137158e-13
"('grid3', 4, 1600)",0.4324267119925711,414.1839494990135,0.2355132373425364,30,0.5,5.0,-20,-21.741708599913252,1.1317223859373832e-12
"('grid3', 4, 1650)",0.7248569862770546,2230561.918229387,0.3078806605399265,-30,0.5,10.0,-10,52.400691937532976,5.085842853819118e-13
"('grid3', 4, 1700)",0.8867986166389137,811.74763979284,0.25256599958782433,-30,0.5,5.0,-30,-84.82014088459064,1.6936803677037578e-12
"('grid3', 4, 1750)",0.5412729990893098,32296.900655037804,0.24439823248532017,-30,0.5,5.0,-30,-98.88186690782369,7.923255898977554e-13
"('grid3', 4, 1790)",0.9069832512408573,38196.73733764331,0.5032886488318381,-15,0.5,5.0,-30,-53.84894635114173,8.498230660577255e-13
"('grid3', 4, 1800)",0.7814560110908664,144012.3484924831,0.44101575979301727,-30,0.5,10.0,-20,39.99944463472586,1.1070427201033077e-12
"('grid3', 4, 1850)",0.8226806995221597,1063543.5444640128,0.40120372003822485,-20,0.5,5.0,-30,-24.072136504196976,5.624003027861837e-13
"('grid3', 4, 1880)",0.9126123111456327,48740.16912904662,0.6081513019831644,-15,0.5,10.0,-30,-34.697419970172916,7.894347218857852e-12
"('grid3', 4, 1900)",0.49825921874281837,44503.416828267655,0.47523268708618305,5,0.5,5.0,30,-15.001408077822731,1.8314343041710014e-13
"('grid3', 4, 1920)",0.8977895635720277,858348688.3557022,0.45995876231331767,10,0.5,10.0,15,7.222538729714018,7.775082701935306e-13
"('grid3', 4, 1950)",0.6495011101957221,31193256440.806664,0.675149661348573,-10,0.5,10.0,-20,22.4407456737227,3.1178595750598694e-09
"('grid3', 5, 0)",0.35780755438014467,1125.0319143593883,1.4833441628915778,-30,0.5,5.0,-30,-119.36666970666512,1.3827950778619367
"('grid3', 5, 50)",0.16850609291643215,258.2779391577551,0.7343367969602059,-30,0.75,10.0,-30,-39.26027148152468,0.8693604786921356
"('grid3', 5, 100)",0.4682309433657207,1.0993544694082737,0.7078154813133903,-5,0.5,20.0,30,-15.539185782401246,0.6682302780186715
"('grid3', 5, 150)",0.6639888043397429,0.8695428799682556,0.6795546590141955,30,0.5,5.0,-5,5.204169533722702,0.5516904474650437
"('grid3', 5, 160)",0.6937995746490642,1.0910614523790705,0.7188497889185229,-15,0.5,20.0,-5,2.659742682081208,0.5085089343708634
"('grid3', 5, 170)",0.6727518765283688,3.2119937141994384,0.6816993686430209,-10,0.5,10.0,-10,2.804682073400681,0.4458396801833545
"('grid3', 5, 200)",0.4247664551577379,5754.603892753879,0.37442516083568544,-15,0.5,5.0,-15,-44.55120781394765,0.04171841038922328
"('grid3', 5, 250)",0.38504865089240264,54388.25912898758,0.26261297740503686,-15,0.5,10.0,-15,-7.857440196687918,0.00646606552888806
"('grid3', 5, 300)",0.3896762860585554,8270.726700263684,0.37989739317920684,-5,0.5,10.0,-15,-32.37589830461239,0.0018525470891603778
"('grid3', 5, 350)",0.3896346816742788,80.5683965352447,0.5226679510665853,-5,0.5,5.0,-10,-37.92822082497733,0.0008531943301831542
"('grid3', 5, 400)",0.392677390347197,2.7218422715961297,0.16295614314573037,-5,0.5,5.0,-5,-50.50305011816222,0.0005264372481165729
"('grid3', 5, 450)",0.38991141598904105,4.464423168639939,0.1094141212867121,-5,0.5,20.0,-5,-77.7738282216856,0.00040341966592406624
"('grid3', 5, 500)",0.49632303400787947,252.08045336761003,0.0192639225214269,-5,0.5,10.0,-5,-102.82565871177992,0.00035066650188122686
"('grid3', 5, 550)",0.5555135438806157,7721.11278296772,0.01693709308033863,-10,0.5,inf,-10,-112.38195122158612,0.00032477307564463063
"('grid3', 5, 600)",0.5827647551360174,19393.53177963067,0.01531762738098653,-15,0.5,inf,-15,-114.29590289467417,0.00031087425679812296
"('grid3', 5, 650)",0.5944193187588381,55153.77382862865,0.009635427339948184,-20,0.5,5.0,-15,-105.6151432622757,0.00030305149346484915
"('grid3', 5, 700)",0.5991526211268061,25875.914030023327,0.03484056493294843,-15,0.5,50.0,-15,-78.86644889621691,0.00029846061462011935
"('grid3', 5, 750)",0.6009621432662305,1389.2742892279994,0.08341211337565173,-15,0.5,5.0,-5,-45.594612756128384,0.00029553847016582297
"('grid3', 5, 800)",0.6015426750182356,428260.00917755615,0.14338906780533583,-10,0.5,5.0,-15,-28.731784651425382,0.0002934334710610398
"('grid3', 5, 850)",0.6013864745438284,303652.50989536836,0.13383946258763949,-15,0.5,5.0,-15,-22.414388629958804,0.0002916769677229464
"('grid3', 5, 900)",0.6008593215673478,176034.0349631811,0.1675766940017268,-10,0.5,5.0,-15,-20.11535474643748,0.0002900567413594758
"('grid3', 5, 950)",0.4639562517891869,1268677625.3034272,0.7407611208728738,-30,0.5,5.0,15,86.11654707511534,0.0002937543956301918
"('grid3', 5, 1000)",0.515900147762444,2204603.2985532596,0.4661004368621108,-5,0.5,inf,-5,63.92416350986296,0.00028887558150030766
"('grid3', 5, 1050)",0.606777088871397,246867204.3443922,0.6119403794834468,-5,0.5,10.0,-10,-22.759166720848107,0.0002850629134489338
"('grid3', 5, 1100)",0.5994598755844862,60281573.48014324,0.34188122694801903,0,0.5,5.0,-10,-20.047812387812947,0.00028348711484669776
"('grid3', 5, 1150)",0.6099748140013399,799552565.365511,0.6452251632237017,0,0.5,10.0,-10,-14.336563990470703,0.00028156436289654104
"('grid3', 5, 1200)",0.5386901880137335,51438467.2455514,0.5870965937967743,-10,0.5,5.0,-10,47.86650214513506,0.0002811329996427934
"('grid3', 5, 1250)",0.6087290828995224,1176032519.8062308,0.6093333654194211,-5,0.5,10.0,-10,-13.692901973315923,0.0002779387600895632
"('grid3', 5, 1300)",0.5966659045792817,144249986.67414117,0.41197520642187047,0,0.5,10.0,-10,-20.938503410780626,0.0002762516542871062
"('grid3', 5, 1350)",0.5988980425748562,713115943.3782555,0.4899644396449758,-10,0.5,5.0,-10,-22.498562603498637,0.00027429104517827607
"('grid3', 5, 1400)",0.6733230041546175,8223777432.8794155,0.3568082725414823,-30,0.75,5.0,-15,-50.208563255540774,0.00027164315410185857
"('grid3', 5, 1450)",0.569906276737194,292522822.4432529,0.7445315543798132,0,0.5,20.0,-10,-7.733954127725161,0.0002707492785437967
"('grid3', 5, 1500)",0.5923107066229316,173372875.80056027,0.8023463231856677,-5,0.5,20.0,-10,-21.4030022367235,0.00026835241842496115
"('grid3', 5, 1550)",0.5904216422570984,29979049.112944603,0.6875253325642172,-5,0.5,50.0,-15,-21.22903111705137,0.0002662826001645506
"('grid3', 5, 1600)",0.6491133317619731,218059804236.48056,0.7216341568068703,-20,0.5,5.0,-15,-51.860300345074656,0.00026569979603214996
"('grid3', 5, 1650)",0.5410988078350307,493924499.51745534,0.6234972765061146,-5,0.5,5.0,-10,24.249530648519315,0.0002628156661217
"('grid3', 5, 1700)",0.5893876627544467,721097922.1107047,0.7424548158630748,-5,0.5,10.0,-10,-22.656875536360957,0.0002597616198194551
"('grid3', 5, 1750)",0.587052017735038,165197557.2040549,0.8211461357272671,-5,0.5,10.0,-10,-22.365347998884907,0.0002575404990192589
"('grid3', 5, 1800)",0.5857674423364735,138061577.8023978,1.110643926813132,-5,0.5,inf,-10,-22.527228257765337,0.0002552653563394829
"('grid3', 5, 1850)",0.41976110804072236,931016934973.1195,1.2102265224960076,15,0.75,50.0,15,89.34574295178669,0.0002949873215498769
"('grid3', 5, 1900)",0.6066197164098255,7046072082.095876,0.7840723898811957,0,0.5,5.0,-10,-6.337847720579927,0.0002502397629049282
"('grid3', 5, 1950)",0.5793866044460435,449554878.7275518,1.4084675915494596,-5,0.5,inf,-10,-21.922532072891467,0.00024824534489930987
"('grid3', 6, 0)",0.3890815950617303,154.77131330943354,10.419812539509241,-30,0.5,5.0,-30,87.87236049969928,22.363234482289773
"('grid3', 6, 10)",0.32739130427092167,19.205692984695677,2.037282446186298,-30,0.5,5.0,-30,72.74594452350917,4.387288579106533
"('grid3', 6, 20)",0.2758574708120177,2.0548426385915426,1.3528732886010284,-30,1.0,5.0,-30,87.46849441195567,1.422258250447486
"('grid3', 6, 50)",0.19596416469541664,1.4847019441396645,1.3266934681352058,-30,1.5,5.0,-30,64.73608612951787,1.4267436760996453
"('grid3', 6, 100)",0.19605374091232872,1.278661297729423,1.2174727087369908,-30,1.5,inf,-30,48.4238841820934,1.3371620549838028
"('grid3', 6, 150)",0.19725971250503702,1.1717467153773231,1.1198040989636566,-30,1.5,50.0,-30,40.18807574398244,1.2162131300914147
"('grid3', 6, 200)",0.1860269333679589,1.0936825505291203,1.0496163529657003,-30,1.5,20.0,-30,37.45626303701188,1.1266606177832077
"('grid3', 6, 250)",0.16992793253400565,1.0449471219687607,1.0116607331270897,-30,1.5,inf,-30,38.9588210073532,1.0702382646851798
"('grid3', 6, 300)",0.15478781034860395,1.01806491292521,0.9926369740055223,-30,1.5,inf,-30,44.67303659462466,1.0382058206373488
"('grid3', 6, 350)",0.14331412519894196,1.0059019441000001,0.9885406246462177,-30,1.5,inf,-30,53.75237245771523,1.0222372423075372
"('grid3', 6, 400)",0.13701242117438248,1.0030007528908456,0.9936784936026553,-20,1.5,inf,-20,63.57731893856224,1.0152990911518627
"('grid3', 6, 450)",0.13601413249979957,1.0041427238183818,0.9988162715475049,-15,1.5,inf,-15,71.37530955091522,1.0122541976350217
"('grid3', 6, 500)",0.13999977382366874,1.0045980401445334,1.0009536093993947,-15,1.5,20.0,-15,76.42190457202248,1.0099703830824405
"('grid3', 6, 550)",0.14799731946681052,1.0028639606679,1.000294308298921,-15,1.5,inf,-15,79.38886193591327,1.0070535795245779
"('grid3', 6, 600)",0.15518982609792037,0.9992757811939521,0.9971537091808729,-15,1.5,inf,-10,80.88315688658045,1.003227165703995
"('grid3', 6, 650)",0.15979727435030414,0.994732187700412,0.992745587686137,-5,1.5,50.0,-5,81.22713231529484,0.998693750686479
"('grid3', 6, 700)",0.16013148806589775,0.9897879230266124,0.9877749596413553,-10,1.5,50.0,0,81.31367766998638,0.9937432174711628
"('grid3', 6, 750)",0.15429443039311516,0.9848558230793227,0.9828745998201641,-5,1.5,inf,10,86.3238580606915,0.9886035499757972
"('grid3', 6, 800)",0.14479057303858786,0.981356759250379,0.9784987890103505,20,1.5,50.0,30,109.40414448948081,0.9834199876943326
"('grid3', 6, 850)",0.13968034575880414,0.9770583882446098,0.9745886706155427,30,1.5,50.0,30,111.3961807012545,0.9782755495081503
"('grid3', 6, 900)",0.13953995460530694,0.9722468276443686,0.9699086200455318,30,1.5,inf,30,113.10908775846862,0.9732147682801167
"('grid3', 6, 950)",0.1407552337624378,0.9674346003657526,0.9647343993115816,30,1.5,50.0,30,114.92897832872463,0.9682609511952802
"('grid3', 6, 1000)",0.13900429432467198,0.9624916502319577,0.9607170402416525,30,1.5,10.0,30,115.58243494167155,0.9634260962615506
"('grid3', 6, 1050)",0.17098981053449522,0.9578501930885107,0.9563117724671903,30,1.5,50.0,30,90.4456416679194,0.9587167090382974
"('grid3', 6, 1100)",0.18970892542336476,0.953181630085733,0.9516808731389763,30,1.5,10.0,30,89.86919912518344,0.9541366243884
"('grid3', 6, 1150)",0.19652705596453415,0.9485936788677842,0.9470146410358893,30,1.5,50.0,30,93.39602602548439,0.9496884324845072
"('grid3', 6, 1200)",0.19974578902070095,0.9441067940889956,0.9426077768449711,30,1.5,20.0,30,96.96461586847903,0.9453740569783273
"('grid3', 6, 1250)",0.20122705925853948,0.9397653066251526,0.9383698217685663,30,1.5,50.0,30,99.98682099434478,0.9411952578131746
"('grid3', 6, 1300)",0.20196933015516563,0.9356069305589091,0.9342893062000432,30,1.5,50.0,30,102.36186055524878,0.9371537486324795
"('grid3', 6, 1350)",0.20249996902696965,0.9316373160522243,0.9303742212641871,30,1.5,20.0,30,104.18224553361695,0.9332511526142626
"('grid3', 6, 1400)",0.2030455953872554,0.9278461414087456,0.9267262321345433,30,1.5,10.0,30,105.58370680081354,0.9294890321120071
"('grid3', 6, 1450)",0.20367826201457145,0.9242231580458757,0.9232031856248304,30,1.5,inf,30,106.68634245270033,0.925868918675087
"('grid3', 6, 1500)",0.20440269547215814,0.9207623425544424,0.9198292028874225,30,1.5,inf,30,107.58221745693723,0.9223919708683068
"('grid3', 6, 1550)",0.2051990090187308,0.917460663966386,0.9166035384380111,30,1.5,inf,30,108.33813949445317,0.9190593010474992
"('grid3', 6, 1600)",0.2060401453266514,0.9143157094983925,0.9135229027365638,30,1.5,inf,30,109.00246285639834,0.915871558299264
"('grid3', 6, 1650)",0.20690034622032616,0.9113250126150658,0.9105374792441743,30,1.5,10.0,30,109.60942519254172,0.9128289643838461
"('grid3', 6, 1700)",0.207755706935784,0.9084851410944146,0.9077684433611718,30,1.5,50.0,30,110.1842422674732,0.9099313161925455
"('grid3', 6, 1750)",0.20858688961985483,0.9057920841790003,0.905125456596546,30,1.5,inf,30,110.7445704653273,0.9071776745040199
"('grid3', 6, 1800)",0.20937688295183451,0.903241332975542,0.9025897820767204,20,1.5,50.0,30,111.3037138293191,0.9045666113145032
"('grid3', 6, 1850)",0.21011211015602585,0.9008287830545976,0.9001469083325269,30,1.5,5.0,30,111.87102718266824,0.9020958963584584
"('grid3', 6, 1900)",0.21078196367797145,0.8985500853700099,0.8979379833293246,30,1.5,inf,30,112.45310293864476,0.8997625590986584
"('grid3', 6, 1950)",0.21137718092508814,0.8964009068778332,0.8957978195481912,30,1.5,inf,30,113.05477579255873,0.897563212509934
"('grid3', 7, 0)",0.3246675315795063,26.311017218561037,1.1662820165801846,30,0.5,10.0,30,95.49029432906686,3.155956279437647
"('grid3', 7, 50)",0.29083400838854234,1.1298926392708015,0.6145359331451725,30,0.5,5.0,30,46.346434308689055,0.5749570689327872
"('grid3', 7, 100)",0.374202750272183,0.7385402219910154,0.7264081599446162,30,0.5,5.0,30,87.460994267467,0.6491948500676183
"('grid3', 7, 150)",0.34042103262405726,1.29152922478316,0.8531013754506784,30,0.5,5.0,30,4.781850015257141,0.7894195219316869
"('grid3', 7, 200)",0.3942922649344915,6.293900866524741,1.2302639617684854,30,0.5,5.0,20,-58.91371810992205,1.1214076106215296
"('grid3', 7, 250)",0.29108697479470425,58.45449030188868,0.4372095852273692,30,0.5,inf,-15,-37.15077694143576,0.891571992733801
"('grid3', 7, 300)",0.23978999302427478,450.2317816391139,0.30099571636782074,30,0.5,5.0,-15,20.67017816122138,0.5963696386606183
"('grid3', 7, 350)",0.19432438637922417,59.18557771147869,0.3968470897485245,15,0.5,5.0,-15,86.75005843719144,0.5942407887894332
"('grid3', 7, 400)",0.22198360370534137,6.990036758915711,0.387956202817202,30,0.5,5.0,-15,22.46695063308603,0.592028878917336
"('grid3', 7, 450)",0.25025849150316987,8.276552399926436,0.42151708516532127,30,0.5,20.0,-15,-12.625964353297386,0.5876916046414553
"('grid3', 7, 500)",0.4772668358422002,30.380023586330008,0.31140261019201637,-20,0.5,5.0,-5,68.66314517220113,0.5042565339391692
"('grid3', 7, 550)",0.3994530800497863,725053.3484035118,0.6967381481513981,15,0.5,5.0,-5,-10.015033290085483,0.03131067139273814
"('grid3', 7, 600)",0.4985086433540439,824.0777238685637,0.9237486161925821,30,0.5,50.0,-15,-11.298257836570981,0.00032921615345695305
"('grid3', 7, 650)",0.44944390502810183,19.45987274154985,0.3107182244692955,0,0.5,5.0,10,-131.77190649763483,8.005125163299864e-06
"('grid3', 7, 700)",0.3830032542293656,50.315327651473304,0.32033342205995746,-30,0.5,10.0,5,-92.98736676796798,2.9987077730347037e-07
"('grid3', 7, 750)",0.37847369411908477,18.13096732986931,0.221324644043849,30,0.5,5.0,5,-94.08050066212174,8.058724283878006e-09
"('grid3', 7, 800)",0.37968394882282225,10.037720334710537,0.18267871466430102,30,0.5,5.0,30,-93.32556987297448,1.509400509141509e-10
"('grid3', 7, 850)",0.5101961731587596,1.7917695980504598,0.033263355596295355,-10,0.5,10.0,-5,28.125076596687226,1.9410231290406504e-12
"('grid3', 7, 900)",0.3531091592780095,4450.52508792381,0.30313493525135216,10,0.5,50.0,10,-24.807221709911623,3.1291240357463946e-13
"('grid3', 7, 950)",0.5263932155998441,123551.44717907632,0.2562095187050776,10,0.5,5.0,20,-9.129300424076865,1.3033880059865373e-13
"('grid3', 7, 1000)",0.6956546625821602,22.587877664754398,0.18311797921931194,-5,0.5,20.0,-5,-7.6337701268825855,2.381262662374196e-13
"('grid3', 7, 1050)",0.35967007369642046,22.18735330993818,0.14520389343056733,-15,0.5,5.0,30,-26.594575888889946,4.0209199387241063e-14
"('grid3', 7, 1100)",0.640755452174742,4.618888347499715,0.17375026958459266,-5,0.5,inf,30,-26.497112727015654,3.198139363705373e-13
"('grid3', 7, 1150)",0.327304523771159,3233.1179637483992,0.19836083337032034,30,0.5,5.0,30,-83.58969575440902,3.126834436560657e-14
"('grid3', 7, 1200)",0.6384203131972483,113.49523377258645,0.29321951960384346,-5,0.5,5.0,5,-43.934589120167686,4.2971142897189816e-13
"('grid3', 7, 1250)",0.6386829029986285,2822.0824245459335,0.4271168317629635,30,0.5,10.0,10,8.105426423021289,1.4363422613683079e-12
"('grid3', 7, 1300)",0.4747051833597447,2464.4478748626498,0.3264795784527702,-5,0.5,5.0,20,3.0096951604445374,2.025763316797533e-13
"('grid3', 7, 1350)",0.6995755628367865,17191.476863014785,0.40634563433960785,30,0.5,5.0,10,20.613201666334756,3.0364111941391043e-13
"('grid3', 7, 1400)",0.5820367565052853,25038.902796114846,0.383067418731589,-30,0.5,10.0,-5,-13.172474415116412,5.658970011357338e-13
"('grid3', 7, 1450)",0.574167574928721,3.8136518173534055,0.3461052887205718,0,0.5,10.0,0,-46.74087082340065,3.4689881058624746e-13
"('grid3', 7, 1500)",0.39805977217512967,13013353.697020506,0.43485219259095387,-30,0.5,10.0,15,-45.48752999818207,5.341236033425183e-14
"('grid3', 7, 1550)",0.7356514281737927,376627.50159998087,0.4818339805012535,5,0.5,5.0,10,96.17068092968404,4.663858349295977e-13
"('grid3', 7, 1600)",0.5453569768084784,8.133691845541268,0.4312514307014782,-5,0.5,inf,30,-18.672522431003436,8.800833310569227e-13
"('grid3', 7, 1650)",0.7248734774215924,2855287.733933157,0.48992002648693606,15,0.5,5.0,-20,59.782237967271115,2.430667960389423e-13
"('grid3', 7, 1700)",0.7599722637460656,9888801.00064611,0.5708665166344798,15,0.5,20.0,15,-7.604789738815083,5.103362125061581e-13
"('grid3', 7, 1750)",0.7092996998052444,132192.1395844619,0.5322696925530632,30,0.5,10.0,10,7.202476308222291,5.739489121083478e-12
"('grid3', 7, 1800)",0.5023421758005711,900654.9383478151,0.4818836939328365,5,0.5,5.0,20,-14.530181012994413,1.724626859664597e-13
"('grid3', 7, 1850)",0.4859095892352195,28.694691206614234,0.4581437286903496,0,0.5,5.0,30,-16.19728300364301,5.398240866418656e-13
"('grid3', 7, 1900)",0.7487291486177471,119927.89636341979,0.46177936182019763,30,0.5,5.0,5,-13.27955956825917,3.30684978527439e-13
"('grid3', 7, 1940)",0.9645441175304862,54420814.11565807,0.4886634996227876,20,0.5,5.0,30,37.601368010507095,5.27294820355337e-09
"('grid3', 7, 1950)",0.9466789309220994,122472576.04766627,0.5079134064887314,30,0.5,inf,-10,32.69276184265947,3.468409123621823e-07
"('grid3', 7, 1960)",0.9414848677460192,1653372096.8963628,0.9095288672188331,30,0.5,inf,-10,33.70024354802444,4.539291129841123e-05
"('wave', 0, 0)",0.1795473182728982,1.1699765524784858,1.1427026565602625,30,0.5,5.0,0,8.178250164137385,1.795713280663162
"('wave', 0, 50)",0.5308665713331431,0.967961343979842,0.8643225958552331,-30,0.5,5.0,30,8.263037507453294,0.7695327242606683
"('wave', 0, 100)",0.7344039988357814,0.7531546993502726,0.2911247678636363,30,0.5,10.0,30,-13.879827298945429,0.15149384131604188
"('wave', 0, 140)",0.9142709605882963,0.39214166918022075,0.02156220535074704,20,0.5,5.0,30,24.482693826952858,0.0032958404953430205
"('wave', 0, 150)",0.7793753613527884,0.10234842816767734,0.0031683866550264194,-5,0.5,5.0,10,-10.406543561653372,0.0007359406105893549
"('wave', 0, 180)",0.9731755482736762,0.07785013352187366,4.200797112749058e-05,30,0.5,5.0,30,-3.1293692017025796,1.54956343118259e-05
"('wave', 0, 200)",0.80640069431928,0.0023258270463045157,2.3461084247977607e-05,10,0.5,5.0,10,-5.928998261955389,7.92610209388654e-06
"('wave', 0, 250)",0.7854856517581238,0.0007954847897646599,9.836477104479326e-08,-20,0.5,5.0,-30,-5.80150814304456,2.38677682328926e-08
"('wave', 0, 300)",0.7445390454555634,6.036853331006642e-07,2.6490417551215366e-10,-15,0.5,5.0,-15,-6.979082653358176,6.776424982383526e-11
"('wave', 0, 320)",0.891526063903587,1.0922248878085141e-05,6.055844378891863e-10,-20,0.5,5.0,-20,22.491585530987326,2.337934450227737e-11
"('wave', 0, 350)",0.7077641003858368,1.303767300688983e-07,6.880785833489932e-12,-10,0.5,5.0,30,-9.819668394812975,3.475901243794234e-13
"('wave', 0, 400)",0.19305795538954462,1.1815049276871019e-13,1.901472913869355e-14,5,0.5,5.0,0,73.78278313365979,2.1761477323580954e-14
"('wave', 0, 450)",0.27956882240767444,9.835015137999664e-14,2.058548971806088e-14,0,0.5,10.0,5,-117.69251853836263,2.331355937015196e-14
"('wave', 0, 500)",0.20098055664320208,5.80397148676352e-14,1.916385833511312e-14,5,0.5,inf,0,-35.195559924300916,2.1704003802482574e-14
"('wave', 0, 550)",0.24747825444895669,3.8482576433357665e-13,3.665155855293066e-14,-5,0.5,50.0,0,56.05617279841065,2.0157594707906415e-14
"('wave', 0, 600)",0.2140716270953805,3.138226891365042e-13,3.519256986571555e-14,0,0.5,20.0,0,61.48979577450749,2.5277259026485505e-14
"('wave', 0, 650)",0.24889406287622196,3.905471948599963e-13,3.519256986571555e-14,0,0.5,20.0,0,56.39329103355538,2.0008079697582936e-14
"('wave', 0, 700)",0.21224551481270829,1.4161834794695435e-12,3.505882420093064e-14,0,0.5,10.0,5,60.853206955753855,2.536975334486779e-14
"('wave', 0, 750)",0.22361810666565077,6.316559630884359e-13,3.805825194917403e-14,0,0.5,5.0,0,52.32457784359209,2.1990506347701113e-14
"('wave', 0, 800)",0.3011482018769362,2.4142194650582633e-13,3.1760207274020115e-14,10,0.5,20.0,0,46.299727080475094,2.261004570956101e-14
"('wave', 0, 850)",0.2351298366654204,2.3082146251644156e-12,6.170638078323541e-14,5,0.5,10.0,5,-33.350824283264956,3.332264208708591e-14
"('wave', 0, 900)",0.24351603601155186,6.746543252697705e-11,3.169738873741693e-14,5,0.5,5.0,10,59.022903358013636,3.053723620703496e-14
"('wave', 0, 950)",0.22361810666565074,5.085292626660036e-12,1.0386236980971322e-13,5,0.5,5.0,0,53.835467062709,2.1990506347701113e-14
"('wave', 0, 1000)",0.2451884950481116,5.39938808024882e-11,1.0055797898364633e-13,5,0.5,50.0,5,45.54480991126788,1.876566086904076e-14
"('wave', 0, 1050)",0.1946174130979188,1.7597522174891027e-10,6.522462719049291e-14,0,0.5,5.0,5,51.28236897512037,2.7107345903168528e-14
"('wave', 0, 1100)",0.2124165527433671,6.35323243777257e-13,3.150505052643048e-14,0,0.5,20.0,0,147.27333109264487,1.9528994733656344e-14
"('wave', 0, 1150)",0.3140116229736713,1.2781756016115421e-12,5.848314303826597e-14,0,0.5,inf,0,43.263749162518096,2.0314071539777124e-14
"('wave', 0, 1200)",0.27860576318938285,1.4840989050603495e-08,4.5852989199259285e-14,15,0.5,5.0,10,41.43873899329755,2.331355937015196e-14
"('wave', 0, 1250)",0.28243380996977235,7.29387279209176e-12,1.6436652247673668e-13,5,0.5,20.0,0,-25.19620705202372,2.4674444740558263e-14
"('wave', 0, 1300)",0.24555205344510259,6.756659271536159e-12,1.5849813878742028e-13,0,0.5,10.0,0,48.852449273892475,1.876566086904076e-14
"('wave', 0, 1350)",0.27629539522034813,4.935658072299227e-11,5.848318143107655e-14,10,0.5,5.0,5,-113.17397377000931,2.691182916413044e-14
"('wave', 0, 1400)",0.2814732380189119,7.443710830808809e-08,3.581380878570873e-13,5,0.5,5.0,5,-37.587876042106245,2.4760437918736175e-14
"('wave', 0, 1450)",0.21241655274336704,4.5217139943911807e-10,9.837235572707439e-14,5,0.5,inf,5,-27.85608806210028,1.9528994733656344e-14
"('wave', 0, 1500)",0.1946174130979188,3.483411913612455e-09,1.6701166602188767e-13,10,0.5,5.0,5,62.17214553179359,2.7107345903168528e-14
"('wave', 0, 1550)",0.24889406287622193,1.3738877114266588e-10,3.9241274202220257e-13,5,0.5,inf,5,57.173921378518465,2.0008079697582936e-14
"('wave', 0, 1600)",0.17205058536696294,1.0146097837547717e-07,3.278703870473682e-13,10,0.5,10.0,10,74.98372640102356,3.9669011683919986e-14
"('wave', 0, 1650)",0.27602729538532433,1.0503009166393128e-08,1.2201943425995154e-13,5,0.5,20.0,5,59.12399788320453,2.691182916413044e-14
"('wave', 0, 1700)",0.2141213086687611,3.2238136563133455e-08,5.162333302967973e-13,5,0.5,20.0,5,52.21451834702822,2.5333111879840498e-14
"('wave', 0, 1750)",0.2488940628762219,4.0228824762955435e-09,5.798927467809225e-13,0,0.5,5.0,5,57.8325136431617,2.0008079697582936e-14
"('wave', 0, 1800)",0.2479881711880245,1.0245429878386374e-06,4.1386084344999365e-13,10,0.5,5.0,10,51.97987688323825,2.0008079697582936e-14
"('wave', 0, 1850)",0.24401929812207115,4.6725102173448144e-07,8.028851896066906e-13,0,0.5,20.0,0,53.14190290242671,1.8822580411111533e-14
"('wave', 0, 1900)",0.18847808407365602,0.0004426015256434117,4.0634771819147666e-13,20,0.5,5.0,10,64.68033062606247,4.360194609843654e-14
"('wave', 0, 1950)",0.31481148760963773,1.1474341396263202e-07,6.356525311417927e-13,10,0.5,50.0,5,55.29248168682158,2.034430605873351e-14
"('wave', 1, 0)",0.21419195128577664,1.2124380404155837,1.1442305034158557,30,0.5,5.0,0,12.024340743077724,1.7640208231617365
"('wave', 1, 50)",0.5912549048063293,0.9747932134881983,0.809961657613681,30,0.5,5.0,20,5.284013335064355,0.7102690860498255
"('wave', 1, 100)",0.8504143852030461,0.6599117637661904,0.31173538142694995,15,0.5,10.0,0,-6.536193410141837,0.1549149596811855
"('wave', 1, 140)",0.9583164096741902,0.5689262631898352,0.021157110136171574,20,0.5,20.0,30,-69.97391383244053,0.007377154433674037
"('wave', 1, 150)",0.9313269204969068,0.30859745195780675,0.006987713302253749,10,0.5,5.0,10,0.32068378816733606,0.002403786294719211
"('wave', 1, 200)",0.826290637739648,0.2536834618025749,1.0699951075486079e-05,-10,0.5,10.0,-15,-6.756744274613785,2.942523002494855e-06
"('wave', 1, 230)",0.968409890313761,0.36785330441753783,3.953099156313106e-06,-30,0.5,5.0,-30,-21.497334779571183,5.066613889097435e-07
"('wave', 1, 250)",0.8738420908078828,0.18794234657137154,9.658584833065176e-08,5,0.5,5.0,30,2.4635187914615337,1.6289617039218234e-08
"('wave', 1, 290)",0.9570369570566519,0.23755999699052843,1.3562497752700363e-08,30,0.5,inf,30,-3.3206894332921792,8.98029874548117e-10
"('wave', 1, 300)",0.8843449866086732,0.11722037061409221,2.871032517017197e-09,-30,0.5,10.0,-30,-9.445219974195144,2.966110719595693e-10
"('wave', 1, 350)",0.8853203229605384,4.70490615552153e-08,6.389642162338832e-12,-5,0.5,5.0,-15,1.159777906886785,1.6191452360914048e-12
"('wave', 1, 400)",0.2899873765464611,1.8004290490625541e-13,4.4104074874709856e-14,5,0.5,10.0,-5,75.14779477314448,2.0484333352866634e-14
"('wave', 1, 450)",0.2829417519281646,9.93299819070557e-14,2.0484333352866634e-14,-5,0.5,5.0,0,114.90632522568603,2.29245187574189e-14
"('wave', 1, 500)",0.25413408230676543,3.173273443263064e-13,1.7814053968421817e-14,20,0.5,5.0,0,-41.70066014594267,2.046576000664002e-14
"('wave', 1, 550)",0.2316947091521662,1.1285958633627456e-11,3.082079918276625e-14,0,0.5,20.0,5,-129.00830920307217,1.7516073875255447e-14
"('wave', 1, 600)",0.2719871355823698,6.461652331210832e-13,6.352346204350543e-14,0,0.5,50.0,0,-38.881164044515316,1.996369490346149e-14
"('wave', 1, 650)",0.27117365542589184,1.4849192704353305e-11,3.660128796407761e-14,10,0.5,5.0,5,-63.50397030821658,1.984647622867533e-14
"('wave', 1, 700)",0.25146602356386916,3.878778610623855e-13,3.079473448622429e-14,10,0.5,20.0,0,-142.4683429592105,1.8106690972314056e-14
"('wave', 1, 750)",0.27163094193676834,1.818721755825803e-11,6.336338771514697e-14,10,0.5,5.0,5,-62.569850330336884,1.984647622867533e-14
"('wave', 1, 800)",0.22779447272532524,4.884905463196275e-13,3.108955260956755e-14,-5,0.5,20.0,0,13.784383022225002,2.057590045496996e-14
"('wave', 1, 850)",0.2899873765464611,5.23781748064082e-13,3.181202923689976e-14,5,0.5,50.0,0,-54.558964890633234,2.0484333352866634e-14
"('wave', 1, 900)",0.20809904018494668,9.736578143467006e-13,5.562765790017692e-14,5,0.5,5.0,0,26.42764408883519,1.9655226371083823e-14
"('wave', 1, 950)",0.25347475689767185,5.039601088127734e-11,1.0633403990153146e-13,0,0.5,20.0,0,-53.02089180027458,2.043954557918234e-14
"('wave', 1, 1000)",0.25347475689767185,3.2040780034949143e-12,1.060440173937801e-13,10,0.5,10.0,0,-55.6456097356297,2.043954557918234e-14
"('wave', 1, 1050)",0.25572054525452276,3.516604352275586e-11,1.6459464862726113e-13,0,0.5,inf,0,43.09059082840374,2.2379148636314057e-14
"('wave', 1, 1100)",0.28266641013025706,1.4837354496884684e-11,1.0747770258847839e-13,5,0.5,10.0,0,21.855766585986988,2.177151948090884e-14
"('wave', 1, 1150)",0.25146602356386916,3.107151984216434e-12,9.91695702097674e-14,-5,0.5,10.0,0,-150.10927871225556,1.8106690972314056e-14
"('wave', 1, 1200)",0.2716309419367683,1.6063803308384906e-11,3.162165599666522e-13,5,0.5,5.0,0,-56.10049341610969,1.984647622867533e-14
"('wave', 1, 1250)",0.1952014366531043,0.0058343112119314065,9.920977277265542e-14,10,0.5,20.0,5,-125.2116813235668,2.4350054247139316e-14
"('wave', 1, 1300)",0.2899873765464612,5.940499726534642e-12,9.93492982521127e-14,0,0.5,5.0,0,-21.905146339589443,2.0484333352866634e-14
"('wave', 1, 1350)",0.2529743098678901,7.898744784593995e-11,2.0448149463935245e-13,0,0.5,inf,0,19.14256123159734,1.8305493550735794e-14
"('wave', 1, 1400)",0.20831379417264037,2.9830985828954494e-10,1.445279454254277e-13,10,0.5,5.0,0,-146.8473206994142,1.9637290867442323e-14
"('wave', 1, 1450)",0.2899873765464612,3.807525879452582e-12,9.936721214855583e-14,-5,0.5,10.0,0,112.19906396000361,2.0484333352866634e-14
"('wave', 1, 1500)",0.21784886247696836,4.0373209316007076e-12,9.930406133441047e-14,0,0.5,10.0,0,8.179809174959294,2.508616283923116e-14
"('wave', 1, 1550)",0.2514660235638692,2.57323969888345e-11,1.4491803121306546e-13,10,0.5,5.0,0,4.371029352903215,1.8106690972314056e-14
"('wave', 1, 1600)",0.27779453214964445,5.6897653575338703e-11,6.519676389282038e-13,5,0.5,20.0,0,29.533427008517407,2.4507832080150445e-14
"('wave', 1, 1650)",0.23168018958464917,2.7359050335736e-06,2.9791215287482257e-13,5,0.5,5.0,5,-123.01970097188914,1.7539483469856563e-14
"('wave', 1, 1700)",0.23121986191830535,2.9454592895425566e-11,2.9554557185094967e-13,5,0.5,20.0,0,24.76387485666585,1.7450516242955672e-14
"('wave', 1, 1750)",0.24980396915602454,6.561527947031919e-07,1.0927980314914162e-12,10,0.5,50.0,0,-134.58772685902753,1.8226451104657126e-14
"('wave', 1, 1800)",0.25626236433653243,1.9179106329823363e-10,9.325951522293722e-13,10,0.5,5.0,0,28.88869739857478,2.2379148636314057e-14
"('wave', 1, 1850)",0.2518015816131106,2.8169066953150297e-06,4.1148020266487987e-13,0,0.5,10.0,0,20.09513613655293,1.8251713268145152e-14
"('wave', 1, 1900)",0.21784886247696839,1.7360835935702675e-07,4.873342503848069e-13,10,0.5,10.0,0,-138.48762442515405,2.508616283923116e-14
"('wave', 1, 1950)",0.23121986191830535,1.4625529846312186e-10,7.704470679730138e-13,5,0.5,10.0,0,-44.64866609895661,1.7450516242955672e-14
"('wave', 2, 0)",0.1894384797756009,1.195064369332037,1.0960939168991173,30,0.5,5.0,30,10.917228630568095,1.6677953248432331
"('wave', 2, 50)",0.5535600429231322,0.9198559916231851,0.7698658148357851,-30,0.5,5.0,15,1.7872928848563117,0.6473837849938806
"('wave', 2, 100)",0.8235859939678541,0.8413208671249915,0.1993385805830308,30,0.5,5.0,30,10.950050050808878,0.10185793688329181
"('wave', 2, 130)",0.9558557575689667,0.1457502698803145,0.02641142947246993,0,0.5,5.0,-5,-1.754901334899872,0.009723921888680659
"('wave', 2, 150)",0.870998725185502,0.1042969598208915,0.002788211180511587,-5,0.5,5.0,-30,4.671594506675752,0.000856292581470889
"('wave', 2, 200)",0.8775072826511252,0.03153482330489859,2.1988973862255334e-05,-30,0.5,5.0,-30,-15.519599995810761,3.5717659713074545e-06
"('wave', 2, 210)",0.9654847236675869,0.03253147186250816,1.1169122163812834e-05,-30,0.5,5.0,-30,46.53325516172121,1.8268389058861343e-06
"('wave', 2, 250)",0.4958709749643266,2.706349378761265e-06,2.8433118645864335e-08,-5,0.5,5.0,0,-0.8836362643225635,7.599566807619798e-10
"('wave', 2, 270)",0.976224078956058,0.00012626648330123165,1.347711446494843e-08,-20,0.5,10.0,-20,52.96607804871964,2.456134570626945e-09
"('wave', 2, 300)",0.9136434847386731,5.3789149277494875e-05,6.821365806219097e-10,30,0.5,5.0,20,-27.230399500312597,4.679058925667662e-11
"('wave', 2, 350)",0.8792334897895648,7.757583416907136e-08,2.7822383425707277e-12,0,0.5,10.0,-15,0.48666051336333843,5.175897470836699e-13
"('wave', 2, 400)",0.31706995806625504,1.2184884333061155e-13,2.3027593599430498e-14,-15,0.5,20.0,-5,53.24735852551497,2.2799470841337768e-14
"('wave', 2, 450)",0.19477740615533615,3.2599184262461094e-14,1.975151351554867e-14,-10,0.5,20.0,0,-141.30769821749203,1.9880486045599938e-14
"('wave', 2, 500)",0.19951331595194235,5.2672656278424606e-14,1.9676868231722432e-14,-5,0.5,20.0,0,-137.76325069170568,1.9676868231722432e-14
"('wave', 2, 550)",0.2419794546404572,2.1847315245290839e-13,3.708371649135187e-14,-30,0.5,10.0,-5,-51.572679605222085,2.1862230578472687e-14
"('wave', 2, 600)",0.2641299833573642,6.736980864770215e-10,3.719915295605116e-14,-15,0.5,inf,-5,38.268263213490165,2.428093075712558e-14
"('wave', 2, 650)",0.25420955273073964,4.016060860753403e-13,3.806658340594782e-14,-10,0.5,50.0,0,34.50938315110488,2.6907441555821387e-14
"('wave', 2, 700)",0.18395016704928008,9.199444307032509e-14,1.9880486045599938e-14,0,0.5,5.0,0,28.92721730323969,2.2452108933868655e-14
"('wave', 2, 750)",0.2921278305374978,1.7329133183314388e-13,2.4744353595731665e-14,10,0.5,5.0,5,-56.942928766143595,2.5129614065533253e-14
"('wave', 2, 800)",0.19951331595194235,2.0327159843617122e-13,2.8335377721201894e-14,30,0.5,5.0,0,30.430950192056848,1.9676868231722432e-14
"('wave', 2, 850)",0.19477740615533617,9.417562416670581e-14,1.9676868231722432e-14,5,0.5,10.0,0,-137.37940326417007,1.9880486045599938e-14
"('wave', 2, 900)",0.2398004863100457,8.783703501172159e-13,6.136511297734747e-14,5,0.5,5.0,0,-46.13627080232417,2.2366171577312637e-14
"('wave', 2, 950)",0.19477740615533615,1.427268643208124e-13,1.9676868231722432e-14,5,0.5,5.0,0,-142.69544797477826,1.9880486045599938e-14
"('wave', 2, 1000)",0.19951331595194238,2.760500271564849e-13,2.864642971619516e-14,30,0.5,5.0,5,-143.16947592425595,1.9676868231722432e-14
"('wave', 2, 1050)",0.21392331903182574,1.7944391208617407e-12,6.430356395521011e-14,-5,0.5,5.0,0,36.82607019653465,3.1848642328151814e-14
"('wave', 2, 1100)",0.19951331595194235,4.571601386533711e-13,3.024676630389144e-14,0,0.5,5.0,0,-131.59336991665765,1.9676868231722432e-14
"('wave', 2, 1150)",0.31706995806625504,6.875181916513568e-13,3.4595767071263565e-14,0,0.5,5.0,0,-70.26750594669814,2.2799470841337768e-14
"('wave', 2, 1200)",0.29922285065629084,8.149896202083577e-13,3.4590177054779215e-14,-5,0.5,10.0,5,-58.791927032284086,2.3376777169994458e-14
"('wave', 2, 1250)",0.2997175091927458,2.3407029744061115e-06,5.866948258534473e-14,10,0.5,50.0,5,-53.251134263331174,2.3423468723954313e-14
"('wave', 2, 1300)",0.2987561072878271,9.516612644558718e-09,3.526958620342477e-14,10,0.5,10.0,10,-36.305245031260306,2.344348031499446e-14
"('wave', 2, 1350)",0.24222984691147897,1.0002499546872708e-11,2.175288035245317e-13,-5,0.5,10.0,0,-39.62980223084337,2.1862230578472687e-14
"('wave', 2, 1400)",0.19949367664178094,1.986529377897177e-12,5.2672656278424606e-14,0,0.5,50.0,5,-126.31042086162716,1.9676868231722432e-14
"('wave', 2, 1450)",0.19477740615533617,1.5280153106734514e-12,5.2672656278424606e-14,0,0.5,5.0,0,-116.1191578999355,1.9880486045599938e-14
"('wave', 2, 1500)",0.19951331595194235,1.9498847386854416e-12,3.019367004293106e-14,-5,0.5,5.0,0,-132.76354375076986,1.9676868231722432e-14
"('wave', 2, 1550)",0.14010044615224856,1.715769717571275e-12,5.2672656278424606e-14,0,0.5,20.0,0,-0.5901229513794756,2.92936987963108e-14
"('wave', 2, 1600)",0.19951331595194238,5.8580100888086095e-12,9.160718146428276e-14,0,0.5,20.0,0,-109.13800685760467,1.9676868231722432e-14
"('wave', 2, 1650)",0.26166742462782094,1.2009447595701696e-09,3.1736615632923424e-13,-5,0.5,10.0,-5,34.11829462526001,2.434623719063791e-14
"('wave', 2, 1700)",0.2398004863100457,3.002505563438004e-11,3.041575589243329e-13,-5,0.5,5.0,0,115.76931722289001,2.2366171577312637e-14
"('wave', 2, 1750)",0.2710165536326345,3.252347993203581e-11,5.215820452420203e-13,0,0.5,5.0,0,33.91784502096691,2.4724053799803886e-14
"('wave', 2, 1800)",0.26199361902787016,3.069783570842747e-11,3.9432838826790606e-13,-10,0.5,5.0,0,42.16223858676745,2.4266574301213727e-14
"('wave', 2, 1850)",0.24197945464045717,4.909071383218367e-11,4.953041653705765e-13,5,0.5,5.0,0,-46.82717488173875,2.1862230578472687e-14
"('wave', 2, 1900)",0.18455766913338356,1.3682328136376031e-11,1.454669258308031e-13,0,0.5,10.0,0,-166.8481497640591,2.2452108933868655e-14
"('wave', 2, 1950)",0.19922604974966307,1.5489277293773412e-08,9.160718146428276e-14,10,0.5,5.0,5,-125.48825703517362,1.9676868231722432e-14
"('wave', 3, 0)",0.23641511787195732,1.2326619445828633,1.1577291632073432,30,0.5,5.0,0,-5.917033622683893,1.8135285453230126
"('wave', 3, 50)",0.5785765214267263,1.0142944105643736,0.8239290103606893,-30,0.5,5.0,30,10.505931244395132,0.7008936809009964
"('wave', 3, 100)",0.8596040382970395,1.1098294340602581,0.28546672439019793,20,0.5,20.0,15,4.978783554084907,0.1307602877880676
"('wave', 3, 140)",0.9459761893366446,0.6011605765609999,0.032682783354673645,-30,0.5,10.0,-30,67.98369709365322,0.00573352784361782
"('wave', 3, 150)",0.9079374109085872,0.09756247836936537,0.005747065503869449,-10,0.5,5.0,0,-4.218684118228728,0.001804431225792763
"('wave', 3, 200)",0.8322278781719624,0.33888172747972645,1.0588961440586015e-05,-20,0.5,5.0,-15,-10.270699877512365,2.646552115388925e-06
"('wave', 3, 230)",0.932997549099088,0.3461720821126356,3.4142644568265575e-06,-30,0.5,5.0,-30,-9.364978011505153,3.867440240428878e-07
"('wave', 3, 240)",0.9541456513298622,0.3705762406454946,8.27250777952372e-07,15,0.5,5.0,20,-30.205481751930044,8.859983003870531e-08
"('wave', 3, 250)",0.8636879134460016,0.198254019470493,1.1806959640153042e-07,20,0.5,5.0,20,4.270050829473835,1.0566686966065133e-08
"('wave', 3, 300)",0.8797131139749245,0.254063298880136,1.6292524566896148e-09,30,0.5,5.0,30,17.59006473232391,2.2467025508505496e-10
"('wave', 3, 350)",0.9262332951254092,0.03732135115164136,5.979901577274181e-12,-5,0.5,10.0,-10,1.00110907584012,1.3841775461507022e-12
"('wave', 3, 400)",0.31623237184467495,2.602551543488072e-13,3.7116139477397376e-14,15,0.5,5.0,0,-6.33266956653346,2.2648837036379723e-14
"('wave', 3, 450)",0.21961915151694467,0.006414556664336382,2.0959720734917205e-14,10,0.5,5.0,10,-121.68520130524907,2.0916200128808576e-14
"('wave', 3, 500)",0.17998312379314782,1.062694828003067e-13,2.0959720734917205e-14,0,0.5,10.0,0,11.32414713166179,3.10112442891197e-14
"('wave', 3, 550)",0.19848976757257253,3.695756782142536e-09,1.7279948665375133e-13,0,0.5,50.0,0,-38.609691374785,2.9183370284224666e-14
"('wave', 3, 600)",0.2243304144171466,4.047947857989562e-12,6.612830798353486e-14,-5,0.5,50.0,-5,-38.73731003173021,2.1855462858669012e-14
"('wave', 3, 650)",0.2766654159513883,5.568528374363105e-13,3.831723107639463e-14,-5,0.5,10.0,0,40.65137442165629,2.8940254950304766e-14
"('wave', 3, 700)",0.22918504875474827,0.46054099997388853,3.2988233828595915e-13,-10,0.5,5.0,-10,-36.25255054924672,2.2005764007723732e-14
"('wave', 3, 750)",0.21295897432501087,9.421396278619204e-13,3.997338245006471e-14,-10,0.5,5.0,0,-27.816270075422615,2.381499172429879e-14
"('wave', 3, 800)",0.22660494156671743,4.064394866576044e-13,3.373277807631998e-14,10,0.5,50.0,0,-129.89812266754558,2.105861305816009e-14
"('wave', 3, 850)",0.320829905122764,0.0002970938112712779,3.816379153778082e-14,5,0.5,50.0,5,-58.30771232757093,2.209749088460138e-14
"('wave', 3, 900)",0.25096906235078764,2.218067643494515e-09,6.491685638171793e-14,5,0.5,10.0,5,26.28797810438307,3.14864035289423e-14
"('wave', 3, 950)",0.2259679912690637,0.3278401811629433,6.82330752093926e-11,-15,0.5,5.0,-10,3.1722592139767025,2.1493923220753655e-14
"('wave', 3, 1000)",0.22040895772977698,0.01818443429883795,6.091488796281838e-14,-5,0.5,5.0,-5,-28.76352836370238,2.0959720734917205e-14
"('wave', 3, 1050)",0.22040895772977698,5.773691130354926e-12,1.0786341387489013e-13,0,0.5,10.0,0,-24.60828216500482,2.0959720734917205e-14
"('wave', 3, 1100)",0.2828591886126556,3.628980390042564e-12,1.70083971313483e-13,0,0.5,50.0,0,38.31780792443777,2.5386894928960065e-14
"('wave', 3, 1150)",0.23579306656121385,0.8959527632015487,3.617872621895347e-11,0,0.75,5.0,10,-0.05435944473990645,3.3123061656403516e-14
"('wave', 3, 1200)",0.3162323718446749,1.8167588149133123e-11,3.218523551402484e-13,0,0.5,50.0,0,4.066269076259937,2.2648837036379723e-14
"('wave', 3, 1250)",0.22040895772977695,8.656436116722084e-05,6.692491827958844e-14,10,0.5,5.0,5,22.763656265382263,2.0959720734917205e-14
"('wave', 3, 1300)",0.19693504609413803,0.8139562853102251,8.488172478722507e-12,10,0.75,5.0,10,-92.72698049756296,2.7505371652690227e-14
"('wave', 3, 1350)",0.3162323718446749,1.4182188987770446e-11,2.434754358768612e-13,5,0.5,50.0,0,26.086914796227404,2.2648837036379723e-14
"('wave', 3, 1400)",0.2897945867770519,1.0602498757815421e-11,2.441054681863976e-13,-5,0.5,5.0,0,43.76754709582105,2.3265380184401487e-14
"('wave', 3, 1450)",0.21295897432501082,5.7656616922492495e-12,1.0814956114070027e-13,0,0.5,5.0,0,-30.5113874194531,2.381499172429879e-14
"('wave', 3, 1500)",0.2233796288118162,2.0518428177699205e-11,2.4785544981202383e-13,0,0.5,5.0,0,-100.52599946657882,2.1817170088104514e-14
"('wave', 3, 1550)",0.32082990512276394,1.8712942452289003e-10,1.1082233351500527e-13,10,0.5,5.0,0,-66.81080885402969,2.209749088460138e-14
"('wave', 3, 1600)",0.3208299051227638,2.223823840774627e-11,2.0148326491097633e-13,5,0.5,5.0,0,82.44592714364333,2.209749088460138e-14
"('wave', 3, 1650)",0.2766654159513884,2.398265664676451e-10,1.57156904874673e-12,0,0.5,inf,0,31.816173492000438,2.8940254950304766e-14
"('wave', 3, 1700)",0.22501032004558058,1.8672156830239456e-10,1.1548884659963287e-12,-5,0.5,10.0,0,-88.01255565617095,2.1868793480762215e-14
"('wave', 3, 1750)",0.18149629427424807,0.7309398787762831,0.00014993635321313827,10,0.5,10.0,-10,-39.18983808562207,3.121735923728867e-14
"('wave', 3, 1800)",0.18565517635114764,5.1975321214798414e-11,3.1309844773734135e-13,0,0.5,10.0,0,-107.43842121891413,2.827898360052515e-14
"('wave', 3, 1850)",0.2871633560527523,0.8833307051319506,1.9736359283645676e-07,-5,0.5,inf,-5,27.786600186698934,2.409875048559264e-14
"('wave', 3, 1900)",0.19332619330956477,0.7913691074575493,1.0458455206479383e-08,-5,0.5,50.0,-5,54.17487847677249,5.0758123721490385e-14
"('wave', 3, 1950)",0.3162323718446749,1.4482348952219503e-10,1.7875954209831344e-12,5,0.5,inf,0,22.190091095842146,2.2648837036379723e-14
"('wave', 4, 0)",0.3105193018565962,1.294133340689288,1.1192574763323295,30,0.5,5.0,30,28.350548393687603,1.7144378153715638
"('wave', 4, 50)",0.6978791183123456,0.8648994326861325,0.738793118847681,-30,0.5,5.0,30,15.756394482053585,0.6697646065768239
"('wave', 4, 100)",0.8713423742690243,0.5163977490846144,0.29849279393614303,-30,0.5,5.0,-30,39.477258836618,0.1862426801493032
"('wave', 4, 150)",0.9507306830664355,0.03946523327626082,0.013967788021311236,-30,0.5,5.0,-5,16.80246762288363,0.006311052624184093
"('wave', 4, 170)",0.9813845208686777,0.005793484760681252,0.0018349414642858048,10,0.5,5.0,-5,-28.634536655909745,0.0007305942047496236
"('wave', 4, 200)",0.978979887748253,7.803394972392562e-05,1.7794829473541593e-05,20,0.5,5.0,0,5.892769157243516,4.156572482309903e-06
"('wave', 4, 250)",0.9574872316392471,1.3029458771336713e-06,4.1162637666473343e-07,-30,0.5,5.0,0,15.427335781004365,1.5444086854456613e-07
"('wave', 4, 270)",0.987963573957457,1.6312169084474475e-07,3.4091036017114965e-08,30,0.5,5.0,10,-24.150723361787264,1.0610935665410451e-08
"('wave', 4, 300)",0.9803280353618808,1.426395826444265e-09,2.7313172439317074e-10,-30,0.5,5.0,-30,-19.72362821580256,1.4905883640147715e-10
"('wave', 4, 330)",0.9834024174614121,5.02498772020603e-10,1.0034373256767411e-10,30,0.5,5.0,5,27.3778012963944,3.0679018714356026e-11
"('wave', 4, 350)",0.8415701246419013,2.5900668205511628e-11,2.77970693660628e-12,-30,0.5,5.0,-15,10.549127503460065,4.367686266853453e-13
"('wave', 4, 400)",0.6480156507088587,6.309216848265147e-13,9.357486386337425e-14,10,0.5,10.0,10,-66.01843608079875,4.341722744816451e-14
"('wave', 4, 450)",0.2770230608423155,3.590607476195343e-13,2.6449138699643107e-14,15,0.5,10.0,5,103.04207039562472,2.1748258751035855e-14
"('wave', 4, 500)",0.2503673321185854,3.5652383680766363e-13,2.5701261138000648e-14,-5,0.5,5.0,0,23.10040778868561,1.961607737401664e-14
"('wave', 4, 550)",0.27098091548493675,2.6812471161383758e-12,5.964435781646407e-14,5,0.5,5.0,0,-53.729671717508225,2.0482197459609467e-14
"('wave', 4, 600)",0.2971899852269871,6.430834756541331e-13,2.9738665167931866e-14,-15,0.5,5.0,0,-55.459137470805814,1.835692772803155e-14
"('wave', 4, 650)",0.2464905673109455,1.5697126965527205e-12,3.855273849762275e-14,10,0.5,20.0,0,32.23698057176455,2.1260690972362805e-14
"('wave', 4, 700)",0.29733237617552005,1.7009445202685734e-12,5.161154773937795e-14,-5,0.5,10.0,5,122.69688835447135,1.835692772803155e-14
"('wave', 4, 750)",0.2618897281698032,5.11385788346543e-12,8.021254944314833e-14,30,0.5,5.0,0,32.808625246920826,1.9456446270355114e-14
"('wave', 4, 800)",0.26982358616538865,1.419882452286544e-11,1.4534340189365645e-13,-5,0.5,5.0,0,-53.98044966821412,2.043942264449593e-14
"('wave', 4, 850)",0.2389882673205727,4.4541601612065e-12,7.903136500772515e-14,15,0.5,5.0,0,-144.85036100986923,2.2219091606232416e-14
"('wave', 4, 900)",0.24617812633352068,2.0566886042299228e-12,5.365893305380444e-14,15,0.5,inf,5,-143.6238903344284,2.1213442148296653e-14
"('wave', 4, 950)",0.26967955822513384,1.6721215079659708e-11,2.1409369214804472e-13,5,0.5,5.0,0,-52.031959197150876,1.9194553754004587e-14
"('wave', 4, 1000)",0.27007665879506665,2.0095561374831247e-11,2.9121161809273084e-13,0,0.5,5.0,0,-51.894715229847726,1.9185053421020002e-14
"('wave', 4, 1050)",0.2504000574664945,7.424576965747e-12,1.0259949045805466e-13,5,0.5,5.0,5,-139.35517207114958,1.961607737401664e-14
"('wave', 4, 1100)",0.2971424743418837,3.822174143614666e-11,1.9172485360253304e-13,30,0.5,5.0,5,-51.41505861447807,1.842899887351157e-14
"('wave', 4, 1150)",0.2971424743418837,4.04022226595419e-11,2.0324993212821252e-13,0,0.5,5.0,5,-50.92342907905374,1.842899887351157e-14
"('wave', 4, 1200)",0.23920975316725196,1.3358933832564748e-11,9.695113317820375e-14,15,0.5,5.0,0,-138.81270752516082,2.2315385979874884e-14
"('wave', 4, 1250)",0.27025606204053304,1.736377817588766e-10,1.3201062786850294e-12,-30,0.5,5.0,0,-52.09229372510925,1.920430418739657e-14
"('wave', 4, 1300)",0.2971424743418836,6.580142564704811e-11,3.2095072888201867e-13,-30,0.5,5.0,5,-52.66272399797871,1.842899887351157e-14
"('wave', 4, 1350)",0.24612508990008505,1.984983791383314e-11,1.6224507035730414e-13,20,0.5,5.0,0,35.347120038183746,2.1264441382045877e-14
"('wave', 4, 1400)",0.2971424743418837,1.3270644754939676e-10,4.4329343742780626e-13,5,0.5,5.0,5,34.098561384560156,1.842899887351157e-14
"('wave', 4, 1450)",0.25084982417564433,2.9225946634722677e-10,1.0173216457460172e-12,10,0.5,5.0,-30,23.909290883127632,1.9575094707598122e-14
"('wave', 4, 1500)",0.25114844959351257,7.809966828660303e-11,2.9970032917523656e-13,5,0.5,5.0,0,31.742472324266572,2.0908099287385904e-14
"('wave', 4, 1550)",0.2970368561254094,1.7760027149262862e-10,7.21151976803546e-13,0,0.5,5.0,0,44.176296233816785,1.8337282646939995e-14
"('wave', 4, 1600)",0.2508573253751745,1.7768424481464812e-10,6.856207798781445e-13,-10,0.5,5.0,0,-55.32838622961385,2.0862796950988243e-14
"('wave', 4, 1650)",0.2382988141799872,5.511076225848104e-10,1.6059907976863701e-12,20,0.5,5.0,0,33.543806379247975,2.2378967708458117e-14
"('wave', 4, 1700)",0.2695512784167886,8.234753198835147e-10,2.2007177939359336e-12,0,0.5,5.0,0,-49.207443744001544,1.9203825506810374e-14
"('wave', 4, 1750)",0.2971424743418837,1.3366117974000677e-09,2.0020262735453277e-12,-20,0.5,5.0,5,-53.526845731326254,1.842899887351157e-14
"('wave', 4, 1800)",0.27102071421474866,1.0320005866155273e-09,3.668893760221551e-12,5,0.5,5.0,0,-54.24364822169168,2.0495725936009462e-14
"('wave', 4, 1850)",0.26986634645777835,2.2566186624396793e-09,6.7798473136251265e-12,-5,0.5,5.0,-30,-51.174598664933605,1.9166702353518548e-14
"('wave', 4, 1900)",0.26984823393360297,2.936753166628243e-09,5.459960829553411e-12,30,0.5,5.0,0,-51.795951868390574,2.0404735728731844e-14
"('wave', 4, 1950)",0.2504000574664944,5.480338027429761e-10,1.174455388406675e-12,5,0.5,5.0,0,-139.89196852384762,1.961607737401664e-14
"('wave', 5, 0)",0.18998405576156524,1.3001960602364706,1.163670174616641,30,0.5,5.0,30,18.697455492039897,1.7868687952116813
"('wave', 5, 50)",0.5884171424274408,0.9208384909605732,0.7837629287140389,-30,0.5,5.0,-30,10.09855605158862,0.7068430029636091
"('wave', 5, 100)",0.8460930477856375,0.5769341138979045,0.2532424890530846,20,0.5,5.0,-10,-5.5137900169506135,0.139506087873266
"('wave', 5, 140)",0.9564188120933681,0.12035618733765391,0.01316688713312988,-30,0.5,5.0,-30,-29.645500825520784,0.004550433215132521
"('wave', 5, 150)",0.9301397923478857,0.03809245745414228,0.0038764159516076918,30,0.5,5.0,30,15.880466744393418,0.001192753008240056
"('wave', 5, 200)",0.920551839822197,0.0008405148325087429,1.518890551114076e-05,-30,0.5,5.0,-30,-24.705261172093252,5.357746841648203e-06
"('wave', 5, 220)",0.9697742912186856,0.0002078080332032508,4.646472845668526e-06,-15,0.5,5.0,-20,-8.419596279816655,9.356251593670541e-07
"('wave', 5, 250)",0.6234492094212651,1.3970968694559103e-06,3.509095171308219e-08,10,0.5,5.0,5,0.5456393131170073,9.330937393487403e-10
"('wave', 5, 290)",0.9654083994154764,8.943611506265932e-08,2.14171456050745e-09,-30,0.5,5.0,10,8.65160407020113,4.509847848179762e-10
"('wave', 5, 300)",0.8432814565949787,2.5440376920807746e-09,3.604160990696848e-10,-5,0.5,5.0,0,-1.2420768724161386,4.958850458774282e-11
"('wave', 5, 350)",0.895862841953493,3.2972958150174343e-09,4.3126078134376125e-12,-30,0.5,10.0,-30,-15.938880912526685,5.185995102974829e-13
"('wave', 5, 400)",0.28167497326762864,1.4879316870911096e-13,2.6338663071444638e-14,-30,0.5,5.0,-5,-46.26910220363394,2.2575051094730975e-14
"('wave', 5, 450)",0.25785287021865383,3.081726618003002e-13,3.593224614464518e-14,10,0.5,inf,0,-54.088498585009624,2.1724543925062152e-14
"('wave', 5, 500)",0.2499064585001898,5.815899097113548e-14,1.9795556402160725e-14,5,0.5,5.0,20,-120.61506680506659,2.0331775232855106e-14
"('wave', 5, 550)",0.2881023380420695,2.1554017793724735e-13,2.3049433023543457e-14,15,0.5,5.0,5,-44.29838056140182,2.504369810753226e-14
"('wave', 5, 600)",0.2817219729913343,9.73490495881751e-14,2.2170267938725596e-14,0,0.5,5.0,5,-48.24973873445751,2.2524350961823285e-14
"('wave', 5, 650)",0.20610177839942173,2.648211836792444e-11,1.9795556402160725e-14,10,0.5,5.0,10,30.188269781131666,2.2666137262941944e-14
"('wave', 5, 700)",0.2363276396097622,2.7805267607117565e-12,2.0289388986355437e-14,5,0.5,5.0,10,-145.54258884397373,1.9795556402160725e-14
"('wave', 5, 750)",0.23637322185450524,9.942385461101361e-11,1.9795556402160725e-14,10,0.5,5.0,15,-137.0150529642493,1.9829060864463395e-14
"('wave', 5, 800)",0.23632763960976216,2.1451149364713402e-13,2.256463821397704e-14,15,0.5,5.0,10,2.187965679965325,1.9795556402160725e-14
"('wave', 5, 850)",0.30678066835407947,5.294850208336255e-13,3.5142050404972316e-14,0,0.5,10.0,0,-112.90677129081048,2.2327499196323015e-14
"('wave', 5, 900)",0.25000783656281694,2.93850615149316e-13,2.157333900578243e-14,-5,0.5,5.0,0,-1.6541258964852001,2.0289388986355437e-14
"('wave', 5, 950)",0.23632763960976222,3.8143889025939183e-13,3.100103145705554e-14,0,0.5,10.0,0,-10.777429377124452,1.9795556402160725e-14
"('wave', 5, 1000)",0.23632763960976222,3.9414893296426844e-13,2.8353996653910972e-14,15,0.5,10.0,5,-26.05491575343262,1.9795556402160725e-14
"('wave', 5, 1050)",0.2861505565646201,7.910156507083571e-13,3.508435203328709e-14,0,0.5,10.0,0,-79.45104484205689,2.4885196280041237e-14
"('wave', 5, 1100)",0.250007836562817,8.015506183741126e-12,3.0455427577538555e-14,10,0.5,5.0,5,-136.8806798926391,2.0289388986355437e-14
"('wave', 5, 1150)",0.30678066835407947,1.9400977134056554e-12,3.8915608963242024e-14,0,0.5,5.0,0,-56.41559084182848,2.2327499196323015e-14
"('wave', 5, 1200)",0.2813065278476312,2.3943721972053676e-12,3.835097946143554e-14,10,0.5,5.0,0,-60.60403031505057,2.2533019850310868e-14
"('wave', 5, 1250)",0.2573551684388379,1.5215563568713937e-11,2.5332764040879273e-13,-15,0.5,5.0,0,101.83012777397354,2.172567704887982e-14
"('wave', 5, 1300)",0.27671900240276004,1.7654280413771127e-11,2.823025371204008e-13,-15,0.5,5.0,0,22.830617996814997,2.2548695672989583e-14
"('wave', 5, 1350)",0.23585072821756267,2.6980417065570827e-09,5.616779502937178e-14,10,0.5,5.0,5,19.946655900655276,1.9809339192510354e-14
"('wave', 5, 1400)",0.1984835115302536,1.5504284001418614e-11,4.8272587844159556e-14,20,0.5,10.0,5,28.932797772538564,2.6616301103798843e-14
"('wave', 5, 1450)",0.23632763960976222,4.798268880237944e-09,5.2726432222962206e-14,10,0.5,10.0,5,-129.9761049223083,1.9795556402160725e-14
"('wave', 5, 1500)",0.27802948748300615,5.194614524552728e-11,6.46766303819952e-13,-10,0.5,5.0,0,1.1038606554291965,2.2329067032429455e-14
"('wave', 5, 1550)",0.2817219729913343,1.8500894832532846e-11,1.5195997557385342e-13,5,0.5,5.0,0,-90.70136456994017,2.2524350961823285e-14
"('wave', 5, 1600)",0.25785287021865383,5.360368964570339e-11,5.121366188879499e-13,-10,0.5,5.0,0,95.52849626031646,2.1724543925062152e-14
"('wave', 5, 1650)",0.1984835115302536,1.4294806030358986e-11,9.808535308761873e-14,10,0.5,5.0,0,-151.32970021762327,2.6616301103798843e-14
"('wave', 5, 1700)",0.2881023380420695,3.444242045388547e-11,1.9970702030234665e-13,5,0.5,5.0,0,-50.929950729586,2.504369810753226e-14
"('wave', 5, 1750)",0.257147529887736,1.244355061522474e-10,1.1363713661783352e-12,0,0.5,5.0,0,-64.45333582488736,2.1966999134558328e-14
"('wave', 5, 1800)",0.20602175245460444,1.161216457817793e-09,3.4516054867974833e-13,10,0.5,5.0,5,-109.14257134092237,2.275728714519454e-14
"('wave', 5, 1850)",0.30678066835407947,4.31269367591477e-10,3.865460400563977e-13,0,0.5,5.0,5,-45.80938696110021,2.2327499196323015e-14
"('wave', 5, 1900)",0.25192606272101153,4.1850083292343444e-11,2.5370635083626617e-13,0,0.5,5.0,0,70.81906748600204,2.960712881963221e-14
"('wave', 5, 1950)",0.2578528702186539,2.407253149929743e-10,1.244100259428556e-12,10,0.5,5.0,0,-50.60216601212033,2.1724543925062152e-14
"('wave', 6, 0)",0.2753053252422517,1.4078942522352702,1.238612645279459,30,0.5,10.0,30,6.965501196974469,1.970446891918034
"('wave', 6, 50)",0.5985343213356686,0.9679451618836709,0.800477893311195,-30,0.5,5.0,-30,15.464226475412252,0.7085322919074809
"('wave', 6, 100)",0.8833476623927258,0.6596937873227336,0.23498712014562514,30,0.5,10.0,30,1.5240021023222654,0.12456360799735915
"('wave', 6, 140)",0.9686212341423543,0.04950702282381249,0.012637169397018429,20,0.5,5.0,10,-26.941603393715322,0.004846268761230735
"('wave', 6, 150)",0.9412086558987498,0.01612844276441819,0.004392712947986255,-5,0.5,5.0,-5,5.929832492867364,0.0015072313581379608
"('wave', 6, 200)",0.8831963114629799,0.00010374704137344464,7.428574998767524e-06,-30,0.5,10.0,-30,0.15166117620190875,2.730551704288344e-06
"('wave', 6, 220)",0.9560063897757411,1.809841574427776e-05,3.0018360455508094e-06,30,0.5,5.0,5,26.956178537895006,9.406855633252902e-07
"('wave', 6, 230)",0.9629541538869661,7.906404268696104e-06,1.0712829806754098e-06,-20,0.5,5.0,-10,-38.791413269455724,3.148053496030105e-07
"('wave', 6, 250)",0.8740044147272458,9.236070644166352e-07,4.8834837908293405e-08,30,0.5,5.0,10,-10.743288223113206,7.018621336618688e-09
"('wave', 6, 300)",0.9009157869971315,7.267017111351069e-09,7.190987712635568e-10,-30,0.5,5.0,-10,22.21211577067973,1.7317437546285388e-10
"('wave', 6, 350)",0.9181311580623985,4.1124777776626184e-11,4.0124607729174715e-12,15,0.5,5.0,10,-3.5099888080025017,1.1203394950026117e-12
"('wave', 6, 400)",0.28788105918976253,1.209671522675967e-13,2.1936447316110494e-14,30,0.5,5.0,5,-56.305263204072816,2.1410007987415468e-14
"('wave', 6, 450)",0.25559183671673363,2.428773903956819e-13,2.92519348318037e-14,-30,0.5,10.0,0,85.21138588462466,2.086036122504272e-14
"('wave', 6, 500)",0.2646628226849261,5.682324092038172e-14,1.9412371135933686e-14,15,0.5,5.0,5,158.34369747047975,2.1187428004083016e-14
"('wave', 6, 550)",0.2765703074952268,5.374720617906218e-13,3.8974671650276865e-14,0,0.5,5.0,0,56.60312903825048,2.2181064876900336e-14
"('wave', 6, 600)",0.24276572870343505,9.906771300676645e-14,2.1384175275148678e-14,10,0.5,50.0,-15,150.76410481206273,1.9412371135933686e-14
"('wave', 6, 650)",0.2649652341885892,1.0192067515054748e-13,2.1187428004083016e-14,-15,0.5,10.0,0,-29.015308960085147,2.126581024238297e-14
"('wave', 6, 700)",0.25559183671673363,9.628381521278384e-13,5.982452280466359e-14,-15,0.5,5.0,0,-117.05676749354348,2.086036122504272e-14
"('wave', 6, 750)",0.23582074901408312,1.4987042740149075e-13,1.9373786894441623e-14,-15,0.5,5.0,-5,137.6764236283358,2.3311190789270644e-14
"('wave', 6, 800)",0.24441139796262307,1.7561238933661547e-12,6.793405850335947e-14,5,0.5,5.0,5,60.312131502953676,2.413654764458048e-14
"('wave', 6, 850)",0.2871787612268413,1.4813237673146425e-11,2.43023326827178e-14,-30,0.5,5.0,-5,55.6243121720471,2.1777522225643606e-14
"('wave', 6, 900)",0.2556002317927231,3.919573158461535e-12,6.649283205580505e-14,5,0.5,5.0,5,-114.07311432066815,2.093456878754527e-14
"('wave', 6, 950)",0.24366677142953316,5.370489134112209e-12,1.1294351363121446e-13,20,0.5,5.0,5,65.02704187556363,2.425045701966844e-14
"('wave', 6, 1000)",0.23621296503228376,4.433420352880155e-13,2.613228832882619e-14,-30,0.5,5.0,0,135.51348329952287,2.322836765887219e-14
"('wave', 6, 1050)",0.25635468179030185,2.3349461843307404e-11,1.0093099955021876e-13,20,0.5,5.0,5,-116.14868829002847,2.093456878754527e-14
"('wave', 6, 1100)",0.24426344192367086,5.487290848711679e-13,2.946674786151695e-14,0,0.5,inf,0,-16.800547569777997,1.945268880083023e-14
"('wave', 6, 1150)",0.3003689773940634,1.4750510561005338e-12,2.994390118008358e-14,-5,0.5,5.0,-5,53.34969707946383,2.2284126204600097e-14
"('wave', 6, 1200)",0.24806282377159158,1.484295297650607e-11,1.7716374074340289e-13,5,0.5,5.0,5,57.135282930121456,2.334451470964389e-14
"('wave', 6, 1250)",0.24339269130457247,1.4751003920420137e-12,2.979161664880549e-14,-10,0.5,5.0,-5,-9.855967426690206,1.945268880083023e-14
"('wave', 6, 1300)",0.2646628226849261,1.537942349680554e-12,3.065317020938873e-14,-5,0.5,5.0,0,-26.6131931317269,2.1187428004083016e-14
"('wave', 6, 1350)",0.2557369138564129,2.612854619085133e-11,1.878525911311042e-13,15,0.5,5.0,5,-114.63182337743912,2.093456878754527e-14
"('wave', 6, 1400)",0.2649814011212445,1.6376906917204876e-11,2.4844404794331806e-13,30,0.5,5.0,0,-37.28941751709172,2.422195688158637e-14
"('wave', 6, 1450)",0.2646628226849261,3.3136880518598743e-12,5.682324092038172e-14,-5,0.5,10.0,0,-34.79631337988039,2.1187428004083016e-14
"('wave', 6, 1500)",0.25559183671673363,5.1722576965621984e-11,3.7202090687356487e-13,20,0.5,5.0,5,-109.88082484497068,2.086036122504272e-14
"('wave', 6, 1550)",0.2879415387416838,2.3390045509998898e-11,7.371118200195952e-14,-10,0.5,5.0,-5,64.91904958677002,2.1580563878219194e-14
"('wave', 6, 1600)",0.24791233040806634,4.013274331081759e-10,5.407507528548457e-13,10,0.5,5.0,5,-85.47000731235245,2.677092955268235e-14
"('wave', 6, 1650)",0.25559183671673363,8.198317438512421e-11,3.584256660435285e-13,5,0.5,5.0,5,-113.58330286509057,2.0873977924208968e-14
"('wave', 6, 1700)",0.24272963177840748,1.7950266073024434e-11,1.5959673351318274e-13,0,0.5,5.0,0,0.7682207417318014,1.9425987835099932e-14
"('wave', 6, 1750)",0.24276572870343505,1.0249914013656363e-11,1.5506828121548498e-13,10,0.5,5.0,0,-30.548328929918046,1.9412371135933686e-14
"('wave', 6, 1800)",0.2878810591897625,1.0808065915912928e-11,1.0221491123239691e-13,-5,0.5,5.0,0,58.80592455749902,2.1582173310831547e-14
"('wave', 6, 1850)",0.24276572870343505,2.8757404425961057e-11,2.397712577199591e-13,5,0.5,5.0,0,-20.748155993608044,1.9425987835099932e-14
"('wave', 6, 1900)",0.2878810591897625,2.064392511911086e-11,1.819552739500942e-13,0,0.5,5.0,0,54.29111019605282,2.1410007987415468e-14
"('wave', 6, 1950)",0.265008014663974,1.0030919206902901e-10,1.151950374467517e-12,5,0.5,5.0,0,-24.513039280219903,2.422195688158637e-14
"('wave', 7, 0)",0.30458088442248704,1.2363294972919407,1.144421753006786,30,0.5,20.0,15,15.963104179321501,1.7737950133574116
"('wave', 7, 50)",0.6442998954018168,0.9039535971879912,0.7409112399723441,-20,0.5,5.0,-30,5.705965127216158,0.6410428306452398
"('wave', 7, 100)",0.8605440523871583,0.6751628291263141,0.23302785847498605,20,0.5,5.0,-30,2.4873844884218514,0.1183620135813989
"('wave', 7, 140)",0.9672825627180159,0.15266802641456378,0.015947665246505576,-30,0.5,5.0,30,9.65328988829895,0.006718596231402189
"('wave', 7, 150)",0.9466540403464906,0.09430636647469022,0.006908573370639727,-30,0.5,5.0,-30,-13.470627678411919,0.0024847782794215193
"('wave', 7, 200)",0.4571005351682822,0.0021639595522909057,6.503124915912583e-07,-30,0.5,5.0,-20,-18.165704089918453,1.3469886220234496e-07
"('wave', 7, 230)",0.9629620813053794,5.075914758918367e-06,1.040223625421815e-06,-15,0.5,5.0,5,57.614858136666605,4.157731658751763e-07
"('wave', 7, 250)",0.9629814316321315,2.677171279583261e-05,1.837026643524708e-07,-20,0.5,5.0,-20,-4.2070254023619835,4.7417652597193925e-08
"('wave', 7, 300)",0.9170439047058937,1.6843215048898706e-07,7.131732860503366e-10,-30,0.5,5.0,-15,-2.0184172366410307,2.4476729580743666e-10
"('wave', 7, 350)",0.8593584191019679,1.973512006465649e-09,8.602556904967544e-13,15,0.5,5.0,20,-4.132911032292916,3.847462133874413e-13
"('wave', 7, 400)",0.25177675903441643,1.8756256790696942e-13,3.501370047675116e-14,5,0.5,50.0,-5,42.69645945550599,2.0610632115252755e-14
"('wave', 7, 450)",0.2517767590344165,2.3400102421169617e-13,3.3899094340859765e-14,30,0.5,10.0,0,37.52773576161623,2.0610632115252755e-14
"('wave', 7, 500)",0.3141154984868614,1.0245579201608996e-13,2.0214131110887736e-14,-10,0.5,10.0,0,42.8999459681633,2.0292860639884265e-14
"('wave', 7, 550)",0.19882858041823706,1.0062459164652908e-13,2.0531309036397042e-14,-20,0.5,10.0,-5,125.16040649122753,2.5229174712729786e-14
"('wave', 7, 600)",0.2148673565245815,1.5855496181111425e-13,2.0531250369794962e-14,-20,0.5,10.0,-10,127.28017942624895,2.164627391713693e-14
"('wave', 7, 650)",0.313911306407397,1.5549607331466474e-13,2.1261208261604492e-14,15,0.5,5.0,0,52.59350175907926,2.0292860639884265e-14
"('wave', 7, 700)",0.20719216434868062,1.2956524029506494e-12,3.461254855678093e-14,5,0.5,20.0,0,143.96815971826217,2.0670298970662454e-14
"('wave', 7, 750)",0.2542619172425286,1.1152808428799495e-12,6.527047862787882e-14,0,0.5,inf,0,56.25313311889784,2.1609697160571258e-14
"('wave', 7, 800)",0.2542619172425286,9.447252064458322e-13,5.372558608329816e-14,-5,0.5,5.0,0,58.8262071844965,2.1609697160571258e-14
"('wave', 7, 850)",0.31831010924267517,1.1336352985494987e-12,3.359069232914754e-14,15,0.5,5.0,5,-122.68593410041828,2.0468922923828075e-14
"('wave', 7, 900)",0.27058967822802704,1.92860363814097e-12,1.0566994261423721e-13,5,0.5,20.0,0,-35.59797669225476,2.1258022972898165e-14
"('wave', 7, 950)",0.21511344789678075,5.144121894302638e-13,3.3063838337648683e-14,-5,0.5,5.0,0,132.38868639778227,2.164627391713693e-14
"('wave', 7, 1000)",0.2147643856439027,2.579295900798465e-12,3.8889841343528044e-14,-5,0.5,5.0,-5,130.40233858772274,2.1629414316779898e-14
"('wave', 7, 1050)",0.3183101092426751,1.2911199879482245e-12,3.255997696502603e-14,5,0.5,5.0,0,49.10933282069934,2.0468922923828075e-14
"('wave', 7, 1100)",0.20683044272217097,1.4898544688146242e-12,6.113576247737637e-14,0,0.5,10.0,0,127.48166387699236,2.0531309036397042e-14
"('wave', 7, 1150)",0.31831010924267517,4.330862020564161e-12,7.90600291389632e-14,10,0.5,5.0,0,49.52206056461912,2.0468922923828075e-14
"('wave', 7, 1200)",0.25177675903441643,5.693650412240492e-12,1.0421754788358308e-13,-5,0.5,5.0,0,58.69907717764702,2.0610632115252755e-14
"('wave', 7, 1250)",0.25426191724252856,1.257856708711366e-11,2.3621699664794045e-13,-10,0.5,5.0,0,61.73992916430458,2.1609697160571258e-14
"('wave', 7, 1300)",0.3137203935219582,1.9939686313956438e-11,5.93642125748334e-14,5,0.5,5.0,-5,36.39925446320812,2.0222484194266517e-14
"('wave', 7, 1350)",0.3182075739245353,2.651394297893876e-12,5.893982957263766e-14,5,0.5,10.0,0,38.73694483758094,2.0468922923828075e-14
"('wave', 7, 1400)",0.31831010924267517,6.948930220042734e-12,9.978657923981008e-14,0,0.5,10.0,0,44.903717885669494,2.0468922923828075e-14
"('wave', 7, 1450)",0.2151226240231907,3.850346405223324e-12,6.881934030811627e-14,-10,0.5,5.0,0,141.7800946757748,2.164627391713693e-14
"('wave', 7, 1500)",0.25201741472668115,4.914861892026153e-11,3.629863624952703e-13,10,0.5,5.0,0,50.679549842903924,2.0610632115252755e-14
"('wave', 7, 1550)",0.1984928980074727,9.241861561456948e-12,1.0062459164652908e-13,-10,0.5,5.0,0,118.54346714453649,2.5229174712729786e-14
"('wave', 7, 1600)",0.2080455461964234,1.0867775570007729e-11,1.5802952364971203e-13,0,0.5,20.0,0,119.92398979483967,2.4243304169547963e-14
"('wave', 7, 1650)",0.31832315105298287,1.9100178552411495e-11,1.5843968992831635e-13,0,0.5,5.0,0,30.231140686198064,2.043816289800461e-14
"('wave', 7, 1700)",0.21509502166060138,1.555720678385062e-10,3.076826557970773e-13,5,0.5,20.0,5,-12.277455085128665,2.164627391713693e-14
"('wave', 7, 1750)",0.25426191724252856,9.760860511419408e-11,9.631628005977508e-13,0,0.5,20.0,0,60.191888014905686,2.1609697160571258e-14
"('wave', 7, 1800)",0.27497864933767496,7.578708442574593e-11,6.669165829920631e-13,10,0.5,5.0,0,-37.689028079047965,2.1110181666913836e-14
"('wave', 7, 1850)",0.2520174147266811,9.122030893495706e-11,1.015446771487006e-12,5,0.5,10.0,0,38.38855457095292,2.0610632115252755e-14
"('wave', 7, 1900)",0.3048085164036494,4.748244649436564e-11,3.2851102561190733e-13,0,0.5,5.0,0,38.71944949985085,2.3333518145248636e-14
"('wave', 7, 1950)",0.2072402374358207,3.119929495546993e-08,4.400503080411171e-13,-10,0.5,5.0,0,126.68619077253769,2.069759246700826e-14
